0,0,0.01,0.02,0.03,0.04,0.05,0.06,0.07,0.08,0.09,0.1,0.11,0.12,0.13,0.14,0.15,0.16,0.17,0.18,0.19,0.2,0.21,0.22,0.23,0.24,0.25,0.26,0.27,0.28,0.29,0.3,0.31,0.32,0.33,0.34,0.35,0.36,0.37,0.38,0.39,0.4,0.41,0.42,0.43,0.44,0.45,0.46,0.47,0.48,0.49,0.5,0.51,0.52,0.53,0.54,0.55,0.56,0.57,0.58,0.59,0.6,0.61,0.62,0.63,0.64,0.65,0.66,0.67,0.68,0.69,0.7,0.71,0.72,0.73,0.74,0.75,0.76,0.77,0.78,0.79,0.8,0.81,0.82,0.83,0.84,0.85,0.86,0.87,0.88,0.89,0.9,0.91,0.92,0.93,0.94,0.95,0.96,0.97,0.98,0.99,1
100,0.025246,0.025275,0.025322,0.025384,0.025461,0.02555,0.025652,0.025765,0.025889,0.026024,0.026169,0.026324,0.026489,0.026663,0.026846,0.027039,0.02724,0.027449,0.027667,0.027893,0.028127,0.028369,0.028619,0.028877,0.029142,0.029414,0.029694,0.029981,0.030336,0.030703,0.031076,0.031455,0.031841,0.032232,0.03263,0.033034,0.033444,0.03386,0.034281,0.034709,0.035167,0.035681,0.036199,0.036722,0.037249,0.03778,0.038316,0.038856,0.039401,0.039949,0.040574,0.041209,0.041846,0.042486,0.043129,0.043774,0.044423,0.045083,0.045816,0.046551,0.047286,0.048022,0.04876,0.049498,0.050264,0.051083,0.051902,0.05272,0.053538,0.054355,0.055188,0.056082,0.056973,0.057862,0.058748,0.059633,0.06056,0.061516,0.062467,0.063415,0.06436,0.065325,0.066335,0.067341,0.068342,0.069339,0.070355,0.071413,0.072466,0.073514,0.074557,0.075635,0.076737,0.077833,0.078925,0.080013,0.081159,0.082299,0.083431,0.084552,0.085691
99.9,0.025388,0.025418,0.025465,0.025528,0.025605,0.025694,0.025797,0.02591,0.026035,0.02617,0.026316,0.026471,0.026637,0.026811,0.026995,0.027188,0.02739,0.0276,0.027819,0.028046,0.028281,0.028524,0.028774,0.029033,0.029299,0.029572,0.029853,0.030173,0.030534,0.030901,0.031275,0.031655,0.032042,0.032435,0.032834,0.033239,0.03365,0.034068,0.034491,0.03492,0.035416,0.035932,0.036451,0.036975,0.037504,0.038037,0.038574,0.039116,0.039662,0.040244,0.040878,0.041514,0.042154,0.042796,0.04344,0.044088,0.044738,0.04544,0.046176,0.046912,0.04765,0.048388,0.049128,0.049869,0.050678,0.0515,0.052321,0.053142,0.053962,0.054782,0.05566,0.056556,0.05745,0.058342,0.059232,0.06013,0.061093,0.062051,0.063006,0.063958,0.064906,0.065918,0.066932,0.067941,0.068946,0.069947,0.071012,0.072074,0.073131,0.074184,0.075247,0.076359,0.077465,0.078566,0.079663,0.080801,0.081952,0.083097,0.084234,0.08538,0.086549
99.8,0.02553,0.025561,0.025608,0.025671,0.025748,0.025839,0.025941,0.026055,0.02618,0.026316,0.026462,0.026619,0.026784,0.02696,0.027144,0.027338,0.02754,0.027751,0.027971,0.028198,0.028434,0.028678,0.028929,0.029189,0.029456,0.02973,0.030015,0.03037,0.030731,0.0311,0.031474,0.031856,0.032244,0.032638,0.033038,0.033444,0.033857,0.034275,0.0347,0.035154,0.035666,0.036182,0.036703,0.037229,0.037759,0.038293,0.038833,0.039376,0.039924,0.040546,0.041182,0.04182,0.042461,0.043105,0.043751,0.044401,0.045061,0.045797,0.046535,0.047273,0.048013,0.048754,0.049496,0.050266,0.051092,0.051916,0.05274,0.053563,0.054386,0.055229,0.056131,0.05703,0.057927,0.058822,0.059715,0.060659,0.061625,0.062587,0.063545,0.0645,0.065488,0.066511,0.067529,0.068542,0.069551,0.070596,0.071668,0.072735,0.073796,0.074853,0.075966,0.077082,0.078193,0.079299,0.080425,0.081588,0.082745,0.083895,0.085039,0.086232,0.087406
99.7,0.025672,0.025703,0.025751,0.025815,0.025892,0.025983,0.026086,0.0262,0.026326,0.026462,0.026609,0.026766,0.026932,0.027108,0.027293,0.027487,0.027691,0.027902,0.028122,0.028351,0.028587,0.028832,0.029085,0.029345,0.029613,0.029888,0.030211,0.030566,0.030929,0.031298,0.031674,0.032056,0.032445,0.03284,0.033242,0.033649,0.034063,0.034483,0.034909,0.035402,0.035915,0.036433,0.036955,0.037482,0.038014,0.03855,0.039091,0.039636,0.040214,0.040848,0.041485,0.042125,0.042768,0.043414,0.044063,0.044714,0.045416,0.046154,0.046894,0.047635,0.048377,0.04912,0.049865,0.050678,0.051506,0.052332,0.053159,0.053985,0.054811,0.055698,0.056603,0.057505,0.058404,0.059302,0.060216,0.061189,0.062157,0.063122,0.064084,0.065046,0.066077,0.067104,0.068125,0.069142,0.070167,0.071249,0.072325,0.073396,0.074462,0.075558,0.076685,0.077806,0.078921,0.080034,0.081208,0.082376,0.083538,0.084693,0.085887,0.087084,0.088263
99.6,0.025815,0.025846,0.025894,0.025958,0.026036,0.026127,0.026231,0.026346,0.026472,0.026608,0.026756,0.026913,0.02708,0.027256,0.027442,0.027637,0.027841,0.028053,0.028274,0.028503,0.028741,0.028986,0.02924,0.029501,0.02977,0.030057,0.030406,0.030763,0.031126,0.031496,0.031873,0.032257,0.032647,0.033043,0.033446,0.033855,0.03427,0.034691,0.03514,0.03565,0.036164,0.036683,0.037207,0.037736,0.038269,0.038807,0.039349,0.039896,0.040514,0.04115,0.041789,0.042431,0.043075,0.043723,0.044374,0.045031,0.045771,0.046511,0.047253,0.047996,0.04874,0.049486,0.050259,0.05109,0.051919,0.052749,0.053578,0.054406,0.055258,0.056167,0.057074,0.057979,0.058882,0.059782,0.060742,0.061718,0.06269,0.063658,0.064623,0.065632,0.066667,0.067697,0.068722,0.069743,0.070816,0.071902,0.072982,0.074057,0.075135,0.076273,0.077404,0.078529,0.079649,0.080813,0.081991,0.083164,0.08433,0.085518,0.086734,0.087937,0.089121
99.5,0.025957,0.025988,0.026037,0.026101,0.02618,0.026271,0.026375,0.026491,0.026617,0.026755,0.026902,0.02706,0.027228,0.027405,0.027591,0.027787,0.027991,0.028204,0.028426,0.028656,0.028894,0.02914,0.029395,0.029657,0.029927,0.030252,0.030602,0.030959,0.031324,0.031695,0.032073,0.032457,0.032848,0.033246,0.033649,0.03406,0.034476,0.034899,0.035387,0.035897,0.036413,0.036934,0.037459,0.037989,0.038524,0.039063,0.039607,0.04018,0.040814,0.041452,0.042093,0.042736,0.043383,0.044032,0.044685,0.045385,0.046126,0.046869,0.047612,0.048357,0.049104,0.049852,0.050668,0.051501,0.052333,0.053165,0.053996,0.054828,0.055725,0.056636,0.057546,0.058453,0.059359,0.060286,0.061269,0.062247,0.063222,0.064193,0.065175,0.066218,0.067257,0.06829,0.069319,0.070369,0.071465,0.072554,0.073638,0.074717,0.075846,0.076987,0.078123,0.079252,0.080401,0.081591,0.082774,0.083952,0.08513,0.086362,0.087582,0.088789,0.089978
99.4,0.026099,0.026131,0.02618,0.026245,0.026324,0.026416,0.02652,0.026636,0.026763,0.026901,0.027049,0.027207,0.027375,0.027553,0.02774,0.027936,0.028141,0.028355,0.028578,0.028808,0.029047,0.029295,0.02955,0.029813,0.030104,0.030447,0.030798,0.031156,0.031521,0.031893,0.032272,0.032657,0.03305,0.033448,0.033853,0.034265,0.034683,0.035126,0.035633,0.036145,0.036662,0.037184,0.037711,0.038242,0.038779,0.03932,0.039866,0.040479,0.041115,0.041754,0.042396,0.043041,0.04369,0.044342,0.044996,0.045738,0.046481,0.047226,0.047971,0.048719,0.049467,0.050242,0.051078,0.051913,0.052747,0.053581,0.054415,0.055274,0.056191,0.057105,0.058017,0.058927,0.059836,0.06081,0.061795,0.062776,0.063754,0.064729,0.065758,0.066805,0.067846,0.068883,0.069915,0.071014,0.072114,0.073207,0.074295,0.075404,0.076556,0.077702,0.078841,0.079976,0.081175,0.082369,0.083557,0.08474,0.085969,0.087205,0.08843,0.089642,0.090879
99.3,0.026241,0.026274,0.026323,0.026388,0.026468,0.02656,0.026665,0.026781,0.026909,0.027047,0.027196,0.027354,0.027523,0.027701,0.027889,0.028086,0.028292,0.028506,0.028729,0.028961,0.029201,0.029449,0.029705,0.029969,0.030298,0.030642,0.030994,0.031352,0.031718,0.032091,0.032471,0.032858,0.033251,0.033651,0.034057,0.03447,0.034889,0.035372,0.03588,0.036393,0.036912,0.037435,0.037963,0.038496,0.039034,0.039576,0.040143,0.040777,0.041415,0.042056,0.0427,0.043347,0.043997,0.044651,0.045347,0.046091,0.046836,0.047583,0.048331,0.04908,0.049831,0.05065,0.051487,0.052324,0.053161,0.053998,0.054834,0.055738,0.056657,0.057574,0.058489,0.059402,0.060342,0.061334,0.062321,0.063306,0.064287,0.065287,0.066341,0.067391,0.068436,0.069476,0.070551,0.07166,0.072763,0.07386,0.074952,0.076111,0.077267,0.078416,0.07956,0.080744,0.081949,0.083148,0.08434,0.085559,0.086808,0.088048,0.089278,0.090521,0.091782
99.2,0.026383,0.026416,0.026466,0.026532,0.026611,0.026704,0.026809,0.026926,0.027054,0.027193,0.027342,0.027502,0.027671,0.02785,0.028038,0.028235,0.028442,0.028657,0.028881,0.029113,0.029354,0.029603,0.02986,0.030155,0.030492,0.030837,0.031189,0.031549,0.031916,0.03229,0.032671,0.033058,0.033453,0.033853,0.034261,0.034675,0.035113,0.035617,0.036127,0.036641,0.037161,0.037685,0.038215,0.038749,0.039289,0.039833,0.04044,0.041076,0.041715,0.042358,0.043003,0.043652,0.044304,0.04496,0.045699,0.046445,0.047192,0.04794,0.04869,0.049441,0.050217,0.051057,0.051897,0.052736,0.053575,0.054414,0.055279,0.056202,0.057124,0.058043,0.05896,0.059876,0.060863,0.061857,0.062848,0.063835,0.064819,0.065867,0.066925,0.067977,0.069025,0.070074,0.071193,0.072305,0.073412,0.074512,0.075651,0.076818,0.077977,0.079131,0.080298,0.081514,0.082723,0.083926,0.085131,0.086393,0.087646,0.088891,0.090132,0.09142,0.092685
99.1,0.026525,0.026559,0.026609,0.026675,0.026755,0.026849,0.026954,0.027071,0.0272,0.027339,0.027489,0.027649,0.027818,0.027998,0.028187,0.028385,0.028592,0.028808,0.029033,0.029266,0.029507,0.029757,0.030019,0.030349,0.030687,0.031032,0.031385,0.031746,0.032113,0.032488,0.03287,0.033259,0.033654,0.034056,0.034465,0.03488,0.035358,0.035863,0.036373,0.036889,0.03741,0.037936,0.038467,0.039003,0.039544,0.040103,0.040738,0.041375,0.042016,0.04266,0.043307,0.043958,0.044612,0.045305,0.046051,0.046798,0.047547,0.048297,0.049049,0.049803,0.050622,0.051464,0.052306,0.053148,0.053989,0.05483,0.055741,0.056666,0.05759,0.058512,0.059432,0.060383,0.061384,0.062381,0.063374,0.064364,0.065381,0.066447,0.067508,0.068564,0.069615,0.070713,0.071835,0.072951,0.07406,0.075177,0.076354,0.077524,0.078688,0.079846,0.081063,0.082284,0.083497,0.084705,0.085961,0.087227,0.088485,0.089734,0.091027,0.092318,0.093588
99,0.026667,0.026701,0.026752,0.026819,0.026899,0.026993,0.027099,0.027216,0.027345,0.027485,0.027635,0.027796,0.027966,0.028146,0.028336,0.028535,0.028742,0.028959,0.029184,0.029418,0.029661,0.029911,0.030212,0.030542,0.030881,0.031227,0.031581,0.031942,0.032311,0.032687,0.033069,0.033459,0.033856,0.034259,0.034669,0.035101,0.035602,0.036109,0.03662,0.037137,0.037659,0.038186,0.038719,0.039256,0.039799,0.040399,0.041035,0.041674,0.042316,0.042962,0.043611,0.044263,0.044919,0.045654,0.046402,0.047151,0.047902,0.048654,0.049408,0.050183,0.051028,0.051872,0.052716,0.053559,0.054403,0.055272,0.056202,0.057131,0.058057,0.058981,0.059903,0.060901,0.061905,0.062904,0.0639,0.064893,0.065958,0.067027,0.068091,0.06915,0.07022,0.071352,0.072477,0.073596,0.074709,0.075876,0.077057,0.078231,0.079398,0.080597,0.081829,0.083053,0.084271,0.085513,0.086791,0.088061,0.089324,0.09061,0.091921,0.093217,0.094491
98.9,0.026809,0.026844,0.026895,0.026962,0.027043,0.027137,0.027243,0.027362,0.027491,0.027631,0.027782,0.027943,0.028114,0.028295,0.028485,0.028684,0.028893,0.02911,0.029336,0.029571,0.029814,0.030082,0.030405,0.030736,0.031075,0.031422,0.031777,0.032139,0.032508,0.032885,0.033269,0.033659,0.034057,0.034461,0.034873,0.035345,0.035847,0.036354,0.036867,0.037385,0.037908,0.038437,0.038971,0.03951,0.040062,0.040696,0.041332,0.041973,0.042617,0.043264,0.043914,0.044569,0.045256,0.046004,0.046754,0.047505,0.048257,0.049011,0.049767,0.050587,0.051433,0.052279,0.053125,0.053971,0.054817,0.055732,0.056664,0.057595,0.058523,0.05945,0.06041,0.06142,0.062426,0.063428,0.064427,0.065459,0.066536,0.067607,0.068674,0.069736,0.070856,0.071991,0.073119,0.074241,0.075384,0.076576,0.07776,0.078937,0.080116,0.081359,0.082595,0.083823,0.085048,0.086339,0.087621,0.088895,0.090171,0.0915,0.092816,0.094115,0.095414
98.8,0.026952,0.026987,0.027038,0.027105,0.027187,0.027281,0.027388,0.027507,0.027637,0.027777,0.027929,0.02809,0.028262,0.028443,0.028634,0.028834,0.029043,0.029261,0.029488,0.029723,0.029967,0.030274,0.030598,0.030929,0.031269,0.031617,0.031972,0.032335,0.032706,0.033083,0.033468,0.03386,0.034258,0.034664,0.035091,0.035588,0.036091,0.0366,0.037114,0.037633,0.038158,0.038688,0.039223,0.039763,0.040357,0.040992,0.04163,0.042272,0.042917,0.043566,0.044218,0.044874,0.045605,0.046354,0.047105,0.047858,0.048612,0.049368,0.050141,0.05099,0.051838,0.052686,0.053534,0.054382,0.055255,0.056192,0.057126,0.058059,0.058989,0.059919,0.060927,0.061938,0.062947,0.063951,0.064953,0.066034,0.067113,0.068188,0.069257,0.070348,0.071492,0.07263,0.073761,0.074887,0.076081,0.077275,0.078463,0.079644,0.080874,0.082121,0.08336,0.084593,0.08587,0.087164,0.088451,0.08973,0.091058,0.09239,0.09371,0.095015,0.096364
98.7,0.027094,0.027129,0.027181,0.027249,0.027331,0.027426,0.027533,0.027652,0.027782,0.027923,0.028075,0.028237,0.028409,0.028591,0.028783,0.028983,0.029193,0.029412,0.02964,0.029876,0.030151,0.030467,0.030791,0.031123,0.031463,0.031812,0.032168,0.032532,0.032903,0.033282,0.033667,0.03406,0.03446,0.034867,0.035333,0.035832,0.036336,0.036845,0.03736,0.037881,0.038407,0.038938,0.039475,0.040019,0.040652,0.041288,0.041927,0.042571,0.043217,0.043868,0.044522,0.045204,0.045953,0.046704,0.047457,0.048211,0.048967,0.049725,0.050543,0.051393,0.052244,0.053094,0.053944,0.054794,0.055713,0.056651,0.057588,0.058523,0.059456,0.060425,0.061443,0.062457,0.063467,0.064475,0.065521,0.066609,0.067691,0.068768,0.06984,0.070981,0.072128,0.073268,0.074403,0.075571,0.076777,0.077975,0.079166,0.080375,0.081633,0.082883,0.084126,0.085386,0.086692,0.08799,0.089281,0.090597,0.091944,0.093281,0.094605,0.095961,0.097314
98.6,0.027236,0.027272,0.027324,0.027392,0.027474,0.02757,0.027678,0.027797,0.027928,0.02807,0.028222,0.028384,0.028557,0.028739,0.028931,0.029133,0.029343,0.029563,0.029791,0.030036,0.030343,0.030659,0.030983,0.031316,0.031658,0.032007,0.032364,0.032728,0.033101,0.03348,0.033867,0.034261,0.034661,0.035083,0.035576,0.036075,0.03658,0.037091,0.037607,0.038129,0.038656,0.039189,0.039727,0.040313,0.040946,0.041584,0.042225,0.042869,0.043518,0.04417,0.044825,0.045551,0.046301,0.047054,0.047808,0.048564,0.049323,0.050093,0.050945,0.051797,0.052649,0.053501,0.054353,0.055228,0.05617,0.057111,0.05805,0.058987,0.059922,0.060939,0.061959,0.062975,0.063988,0.064999,0.066094,0.067183,0.068268,0.069348,0.070458,0.071614,0.072764,0.073907,0.075048,0.076264,0.077473,0.078674,0.079869,0.081129,0.082391,0.083645,0.084892,0.086204,0.087514,0.088816,0.090118,0.091479,0.092831,0.094171,0.095526,0.096908,0.098264
98.5,0.027378,0.027414,0.027467,0.027536,0.027618,0.027714,0.027822,0.027942,0.028074,0.028216,0.028368,0.028532,0.028705,0.028888,0.02908,0.029282,0.029494,0.029714,0.029943,0.030227,0.030535,0.030851,0.031176,0.03151,0.031852,0.032202,0.03256,0.032925,0.033298,0.033678,0.034066,0.034461,0.034863,0.035324,0.035819,0.036319,0.036825,0.037337,0.037854,0.038377,0.038905,0.039439,0.039978,0.040606,0.041241,0.04188,0.042522,0.043168,0.043818,0.044472,0.045147,0.045897,0.04665,0.047404,0.04816,0.048918,0.049678,0.050493,0.051347,0.0522,0.053054,0.053908,0.054763,0.055683,0.056628,0.05757,0.058511,0.059451,0.060426,0.061452,0.062475,0.063494,0.064509,0.065568,0.066666,0.067758,0.068845,0.069928,0.071088,0.072247,0.073399,0.074546,0.075738,0.076957,0.078169,0.079373,0.080611,0.081884,0.083149,0.084407,0.0857,0.087022,0.088336,0.089642,0.090997,0.092362,0.093717,0.095065,0.096469,0.097854,0.099215
98.4,0.02752,0.027557,0.02761,0.027679,0.027762,0.027858,0.027967,0.028087,0.028219,0.028362,0.028515,0.028679,0.028853,0.029036,0.029229,0.029432,0.029644,0.029865,0.030119,0.030418,0.030726,0.031043,0.031369,0.031704,0.032046,0.032397,0.032755,0.033122,0.033495,0.033877,0.034265,0.034661,0.035077,0.035566,0.036061,0.036562,0.037069,0.037582,0.038101,0.038625,0.039154,0.03969,0.040267,0.0409,0.041536,0.042176,0.04282,0.043467,0.044118,0.044774,0.045492,0.046244,0.046998,0.047754,0.048511,0.049271,0.050037,0.050893,0.051748,0.052604,0.05346,0.054316,0.055191,0.056139,0.057086,0.05803,0.058973,0.059915,0.060938,0.061966,0.062991,0.064012,0.065033,0.066138,0.067238,0.068333,0.069423,0.07055,0.071718,0.07288,0.074035,0.075199,0.076428,0.07765,0.078865,0.080078,0.081363,0.082639,0.083907,0.08518,0.086514,0.08784,0.089158,0.090496,0.091876,0.093245,0.094604,0.096005,0.097412,0.098801,0.10017
98.3,0.027662,0.0277,0.027753,0.027823,0.027906,0.028003,0.028112,0.028233,0.028365,0.028508,0.028662,0.028826,0.029,0.029184,0.029378,0.029582,0.029794,0.03002,0.03031,0.030609,0.030918,0.031236,0.031562,0.031897,0.03224,0.032592,0.032951,0.033318,0.033693,0.034075,0.034465,0.034862,0.035318,0.035808,0.036304,0.036806,0.037314,0.037828,0.038347,0.038873,0.039404,0.03994,0.04056,0.041193,0.041831,0.042472,0.043117,0.043766,0.044419,0.045086,0.045838,0.046591,0.047346,0.048104,0.048863,0.049624,0.050435,0.051293,0.05215,0.053007,0.053865,0.054723,0.055645,0.056595,0.057543,0.05849,0.059435,0.060416,0.06145,0.06248,0.063507,0.064531,0.065601,0.066708,0.06781,0.068908,0.07,0.071178,0.072348,0.073513,0.074671,0.075886,0.077118,0.078343,0.079561,0.080826,0.082114,0.083394,0.084666,0.085991,0.087329,0.088659,0.08998,0.091372,0.092755,0.094128,0.095518,0.096944,0.098355,0.099747,0.10117
98.2,0.027804,0.027842,0.027896,0.027966,0.02805,0.028147,0.028256,0.028378,0.02851,0.028654,0.028808,0.028973,0.029148,0.029333,0.029527,0.029731,0.029944,0.03021,0.030501,0.030801,0.03111,0.031428,0.031755,0.032091,0.032435,0.032787,0.033147,0.033515,0.03389,0.034274,0.034664,0.035074,0.035559,0.036049,0.036546,0.037049,0.037558,0.038073,0.038594,0.039121,0.039653,0.040222,0.040852,0.041487,0.042125,0.042768,0.043414,0.044065,0.044719,0.04543,0.046183,0.046938,0.047695,0.048453,0.049214,0.049978,0.050834,0.051693,0.052552,0.053411,0.05427,0.055145,0.056099,0.057051,0.058001,0.058949,0.059897,0.060926,0.061962,0.062994,0.064023,0.065053,0.066168,0.067278,0.068383,0.069482,0.070626,0.071805,0.072979,0.074146,0.07533,0.076573,0.077808,0.079036,0.080275,0.081575,0.082866,0.084149,0.085452,0.086803,0.088144,0.089477,0.090851,0.092247,0.093634,0.095011,0.096454,0.097884,0.099298,0.10073,0.10217
98.1,0.027946,0.027985,0.028039,0.028109,0.028194,0.028291,0.028401,0.028523,0.028656,0.0288,0.028955,0.02912,0.029296,0.029481,0.029676,0.029881,0.03012,0.030401,0.030691,0.030992,0.031302,0.03162,0.031948,0.032284,0.032629,0.032982,0.033343,0.033711,0.034088,0.034472,0.034864,0.035315,0.0358,0.036291,0.036789,0.037293,0.037803,0.038319,0.038841,0.039369,0.039902,0.040513,0.041145,0.04178,0.04242,0.043064,0.043712,0.044364,0.045022,0.045774,0.046528,0.047285,0.048043,0.048803,0.049566,0.050372,0.051232,0.052093,0.052953,0.053814,0.054676,0.055597,0.056553,0.057506,0.058458,0.059409,0.060394,0.061436,0.062474,0.063508,0.064539,0.065619,0.066736,0.067848,0.068955,0.070062,0.071251,0.072433,0.073609,0.074779,0.076015,0.077261,0.078498,0.079729,0.081021,0.082324,0.083617,0.084903,0.08626,0.087614,0.088959,0.090314,0.091723,0.093123,0.094513,0.095944,0.097391,0.098824,0.10025,0.10173,0.10317
98,0.028089,0.028127,0.028182,0.028253,0.028338,0.028435,0.028546,0.028668,0.028802,0.028946,0.029102,0.029267,0.029443,0.029629,0.029825,0.030038,0.030309,0.030591,0.030882,0.031183,0.031493,0.031813,0.032141,0.032478,0.032823,0.033177,0.033538,0.033908,0.034285,0.03467,0.035076,0.035555,0.03604,0.036533,0.037031,0.037536,0.038047,0.038565,0.039088,0.039616,0.040176,0.040805,0.041437,0.042074,0.042715,0.04336,0.044009,0.044663,0.045365,0.046119,0.046874,0.047631,0.048391,0.049153,0.049918,0.050769,0.051631,0.052493,0.053355,0.054218,0.05509,0.056049,0.057006,0.057962,0.058916,0.059869,0.060902,0.061946,0.062985,0.064022,0.06506,0.066185,0.067304,0.068418,0.069527,0.070685,0.071876,0.073061,0.074239,0.075444,0.0767,0.077948,0.079189,0.080453,0.081767,0.083072,0.084369,0.085702,0.087069,0.088425,0.089774,0.091183,0.092596,0.093998,0.095414,0.096877,0.098327,0.099763,0.10125,0.10272,0.10417
97.9,0.028231,0.02827,0.028325,0.028396,0.028481,0.02858,0.02869,0.028813,0.028947,0.029092,0.029248,0.029415,0.029591,0.029778,0.029974,0.030228,0.030499,0.030781,0.031073,0.031374,0.031685,0.032005,0.032334,0.032671,0.033017,0.033372,0.033734,0.034104,0.034483,0.034869,0.035315,0.035795,0.036281,0.036774,0.037274,0.03778,0.038292,0.03881,0.039334,0.039864,0.040467,0.041096,0.04173,0.042368,0.04301,0.043656,0.044307,0.044961,0.045708,0.046463,0.047219,0.047978,0.04874,0.049503,0.050303,0.051166,0.052029,0.052893,0.053757,0.054621,0.055541,0.056502,0.05746,0.058418,0.059374,0.060362,0.06141,0.062455,0.063497,0.064536,0.065624,0.066751,0.067872,0.068988,0.070108,0.071308,0.072502,0.073689,0.074869,0.076126,0.077384,0.078635,0.079879,0.081196,0.082513,0.083821,0.085129,0.086508,0.087877,0.089237,0.090625,0.092052,0.093468,0.094874,0.096345,0.09781,0.099263,0.10074,0.10224,0.10372,0.10518
97.8,0.028373,0.028412,0.028468,0.02854,0.028625,0.028724,0.028835,0.028958,0.029093,0.029238,0.029395,0.029562,0.029739,0.029926,0.030156,0.030417,0.030689,0.030971,0.031264,0.031565,0.031877,0.032197,0.032527,0.032865,0.033212,0.033567,0.03393,0.034301,0.03468,0.035081,0.035554,0.036035,0.036522,0.037016,0.037517,0.038023,0.038537,0.039056,0.039581,0.040131,0.040757,0.041387,0.042022,0.042661,0.043305,0.043952,0.044604,0.045298,0.046051,0.046807,0.047565,0.048325,0.049088,0.049853,0.050699,0.051563,0.052428,0.053293,0.054159,0.055028,0.055992,0.056954,0.057914,0.058873,0.059831,0.060868,0.061918,0.062965,0.064009,0.065054,0.066188,0.067316,0.068439,0.069558,0.070729,0.071931,0.073127,0.074316,0.075539,0.076808,0.078069,0.079322,0.08061,0.081939,0.083258,0.084569,0.085932,0.087313,0.088685,0.090051,0.091492,0.092921,0.09434,0.095794,0.097275,0.098743,0.10021,0.10173,0.10323,0.10471,0.10623
97.7,0.028515,0.028555,0.028611,0.028683,0.028769,0.028868,0.02898,0.029103,0.029238,0.029385,0.029541,0.029709,0.029887,0.030095,0.030345,0.030607,0.030879,0.031162,0.031454,0.031757,0.032069,0.03239,0.03272,0.033058,0.033406,0.033762,0.034126,0.034498,0.034878,0.035319,0.035794,0.036275,0.036763,0.037258,0.037759,0.038267,0.038781,0.039301,0.039828,0.040421,0.041047,0.041679,0.042315,0.042955,0.043599,0.044248,0.044902,0.045639,0.046394,0.047151,0.04791,0.048672,0.049436,0.050229,0.051094,0.05196,0.052826,0.053693,0.05456,0.055477,0.056442,0.057406,0.058368,0.059329,0.060319,0.061374,0.062426,0.063475,0.064521,0.065616,0.066752,0.067882,0.069007,0.070139,0.07135,0.072555,0.073752,0.074944,0.076219,0.077491,0.078754,0.08001,0.081351,0.082682,0.084004,0.08534,0.086734,0.088119,0.089494,0.090915,0.092358,0.09379,0.095225,0.096721,0.098205,0.099677,0.1012,0.10272,0.10423,0.10575,0.10728
97.6,0.028657,0.028698,0.028754,0.028827,0.028913,0.029013,0.029125,0.029249,0.029384,0.029531,0.029688,0.029856,0.030044,0.030283,0.030534,0.030796,0.031069,0.031352,0.031645,0.031948,0.03226,0.032582,0.032913,0.033252,0.0336,0.033957,0.034321,0.034694,0.035091,0.035558,0.036033,0.036515,0.037004,0.0375,0.038002,0.038511,0.039026,0.039547,0.040087,0.04071,0.041338,0.04197,0.042607,0.043248,0.043894,0.044544,0.045228,0.045981,0.046737,0.047495,0.048256,0.049019,0.049784,0.050623,0.05149,0.052357,0.053225,0.054093,0.054962,0.055926,0.056893,0.057858,0.058822,0.059785,0.060823,0.061881,0.062934,0.063985,0.065036,0.066178,0.067315,0.068448,0.069575,0.070758,0.071971,0.073178,0.074378,0.075618,0.0769,0.078173,0.079439,0.080749,0.082092,0.083425,0.08475,0.08614,0.087537,0.088924,0.090322,0.091778,0.093224,0.094659,0.096149,0.097648,0.099135,0.10064,0.10219,0.10371,0.10523,0.1068,0.10833
97.5,0.028799,0.02884,0.028897,0.02897,0.029057,0.029157,0.029269,0.029394,0.02953,0.029677,0.029835,0.030004,0.030232,0.030472,0.030724,0.030986,0.031259,0.031542,0.031836,0.032139,0.032452,0.032774,0.033105,0.033446,0.033794,0.034151,0.034517,0.034891,0.035329,0.035797,0.036272,0.036755,0.037245,0.037741,0.038244,0.038754,0.03927,0.039793,0.040376,0.041,0.041628,0.042261,0.042899,0.043542,0.044189,0.04484,0.045569,0.046323,0.04708,0.047839,0.048601,0.049366,0.05015,0.051018,0.051886,0.052754,0.053623,0.054493,0.055406,0.056375,0.057344,0.058311,0.059276,0.060266,0.061328,0.062387,0.063442,0.064495,0.065596,0.06674,0.067879,0.069013,0.070155,0.071377,0.072593,0.073801,0.075004,0.076296,0.07758,0.078855,0.080133,0.081487,0.082832,0.084168,0.08553,0.08694,0.08834,0.08973,0.091182,0.092642,0.09409,0.09556,0.097074,0.098575,0.10007,0.10163,0.10317,0.1047,0.10628,0.10784,0.10938
97.4,0.028941,0.028983,0.02904,0.029113,0.029201,0.029301,0.029414,0.029539,0.029675,0.029823,0.029981,0.030192,0.030421,0.030661,0.030913,0.031175,0.031449,0.031733,0.032027,0.03233,0.032644,0.032967,0.033298,0.033639,0.033988,0.034346,0.034713,0.035106,0.035567,0.036036,0.036512,0.036995,0.037486,0.037983,0.038487,0.038998,0.039515,0.040045,0.040664,0.041289,0.041919,0.042553,0.043192,0.043835,0.044484,0.045157,0.045909,0.046665,0.047423,0.048183,0.048946,0.049712,0.050543,0.051412,0.052281,0.053151,0.054022,0.054893,0.055854,0.056825,0.057794,0.058763,0.05973,0.060769,0.061833,0.062893,0.06395,0.065005,0.066156,0.067302,0.068443,0.069579,0.070773,0.071997,0.073214,0.074424,0.07568,0.076974,0.07826,0.079538,0.080869,0.082226,0.083573,0.084911,0.086328,0.08774,0.089143,0.09057,0.092043,0.093505,0.094956,0.096482,0.097998,0.099503,0.10105,0.10262,0.10416,0.10573,0.10732,0.10889,0.11045
97.3,0.029083,0.029125,0.029183,0.029257,0.029344,0.029445,0.029559,0.029684,0.029821,0.029969,0.030164,0.030381,0.030609,0.03085,0.031102,0.031365,0.031639,0.031923,0.032217,0.032522,0.032836,0.033159,0.033491,0.033833,0.034183,0.034541,0.034909,0.035343,0.035805,0.036274,0.036751,0.037235,0.037726,0.038225,0.03873,0.039241,0.039759,0.040333,0.040953,0.041578,0.042209,0.042844,0.043484,0.044129,0.044778,0.045496,0.04625,0.047006,0.047765,0.048527,0.049292,0.050067,0.050936,0.051806,0.052677,0.053548,0.05442,0.055328,0.056302,0.057274,0.058245,0.059215,0.060203,0.061272,0.062337,0.063399,0.064458,0.065564,0.066717,0.067864,0.069007,0.070157,0.07139,0.072616,0.073835,0.075051,0.076356,0.077652,0.07894,0.080237,0.081606,0.082964,0.084314,0.085701,0.087126,0.088541,0.089945,0.091429,0.092904,0.094368,0.095873,0.097404,0.098923,0.10045,0.10204,0.1036,0.10516,0.10678,0.10837,0.10994,0.11155
97.2,0.029226,0.029268,0.029326,0.0294,0.029488,0.02959,0.029703,0.029829,0.029967,0.030148,0.030352,0.030569,0.030798,0.031039,0.031291,0.031554,0.031829,0.032113,0.032408,0.032713,0.033027,0.033351,0.033684,0.034026,0.034377,0.034736,0.035126,0.035581,0.036043,0.036513,0.036991,0.037475,0.037967,0.038466,0.038972,0.039485,0.040004,0.04062,0.041242,0.041868,0.042499,0.043136,0.043777,0.044423,0.045084,0.045836,0.046591,0.047348,0.048108,0.048871,0.049637,0.050459,0.05133,0.052201,0.053073,0.053945,0.054819,0.055774,0.056749,0.057723,0.058696,0.059667,0.060705,0.061775,0.062842,0.063906,0.064966,0.066123,0.067277,0.068426,0.069571,0.070774,0.072008,0.073235,0.074456,0.075726,0.077032,0.07833,0.07962,0.080971,0.082342,0.083703,0.085058,0.086497,0.087924,0.089341,0.090798,0.092287,0.093765,0.095246,0.096793,0.098326,0.099848,0.10144,0.10302,0.10459,0.1062,0.10782,0.10942,0.11104,0.11265
97.1,0.029368,0.029411,0.029469,0.029544,0.029632,0.029734,0.029848,0.029974,0.030145,0.030336,0.03054,0.030757,0.030987,0.031228,0.03148,0.031744,0.032019,0.032304,0.032599,0.032904,0.033219,0.033543,0.033877,0.03422,0.034571,0.034931,0.035363,0.035818,0.036281,0.036752,0.03723,0.037715,0.038208,0.038708,0.039215,0.039728,0.040291,0.040908,0.04153,0.042157,0.04279,0.043427,0.044069,0.044716,0.045423,0.046176,0.046931,0.04769,0.048451,0.049216,0.049983,0.050851,0.051723,0.052595,0.053468,0.054342,0.055243,0.056221,0.057197,0.058173,0.059147,0.060132,0.061207,0.062279,0.063347,0.064412,0.065521,0.066682,0.067838,0.068988,0.070146,0.07139,0.072625,0.073855,0.075084,0.076401,0.077709,0.079008,0.080324,0.081706,0.083078,0.084441,0.085852,0.087293,0.088722,0.090151,0.091654,0.093146,0.094626,0.096164,0.097712,0.099248,0.10082,0.10242,0.104,0.1056,0.10724,0.10886,0.11048,0.11214,0.11376
97,0.02951,0.029553,0.029612,0.029687,0.029776,0.029878,0.029993,0.030154,0.030332,0.030524,0.030728,0.030946,0.031175,0.031417,0.031669,0.031934,0.032208,0.032494,0.03279,0.033095,0.033411,0.033736,0.03407,0.034413,0.034765,0.035153,0.0356,0.036056,0.036519,0.03699,0.037469,0.037956,0.038449,0.03895,0.039457,0.039972,0.040579,0.041196,0.041819,0.042447,0.04308,0.043718,0.044362,0.045011,0.045762,0.046515,0.047272,0.048031,0.048794,0.04956,0.050372,0.051243,0.052116,0.05299,0.053864,0.054739,0.055689,0.056668,0.057645,0.058622,0.059597,0.060633,0.061709,0.062782,0.063852,0.064918,0.066078,0.067241,0.068398,0.06955,0.070761,0.072006,0.073243,0.074474,0.075757,0.077075,0.078385,0.079687,0.081056,0.082441,0.083815,0.085193,0.086646,0.088089,0.08952,0.091005,0.092511,0.094004,0.095518,0.097081,0.098632,0.10018,0.1018,0.1034,0.10499,0.10664,0.10828,0.10991,0.11158,0.11324,0.11486
96.9,0.029652,0.029696,0.029755,0.029831,0.02992,0.030029,0.030178,0.030342,0.03052,0.030712,0.030916,0.031134,0.031364,0.031605,0.031859,0.032123,0.032398,0.032684,0.03298,0.033287,0.033603,0.033928,0.034263,0.034607,0.03496,0.03539,0.035837,0.036293,0.036757,0.037229,0.037709,0.038196,0.03869,0.039191,0.0397,0.040253,0.040866,0.041484,0.042107,0.042736,0.04337,0.04401,0.044654,0.045349,0.0461,0.046855,0.047613,0.048373,0.049137,0.049904,0.050763,0.051636,0.052509,0.053384,0.05426,0.055153,0.056134,0.057114,0.058093,0.059071,0.060053,0.061134,0.062211,0.063285,0.064356,0.065467,0.066636,0.0678,0.068958,0.070123,0.071376,0.072622,0.073861,0.075101,0.07643,0.07775,0.079061,0.080393,0.081789,0.083175,0.084551,0.085985,0.08744,0.088885,0.09034,0.09186,0.093367,0.094863,0.096433,0.097999,0.099552,0.10116,0.10278,0.10438,0.10602,0.10768,0.10933,0.111,0.11268,0.11434,0.11601
96.8,0.029794,0.029838,0.029898,0.029974,0.030083,0.030216,0.030365,0.030529,0.030708,0.030899,0.031104,0.031322,0.031552,0.031794,0.032048,0.032313,0.032588,0.032875,0.033171,0.033478,0.033794,0.03412,0.034456,0.0348,0.035187,0.035626,0.036074,0.036531,0.036995,0.037468,0.037948,0.038436,0.038931,0.039433,0.039942,0.04054,0.041153,0.041772,0.042396,0.043026,0.043661,0.044301,0.044946,0.045687,0.046439,0.047195,0.047953,0.048715,0.04948,0.050281,0.051154,0.052028,0.052903,0.053778,0.054655,0.055597,0.05658,0.057561,0.058541,0.05952,0.060553,0.061635,0.062713,0.063789,0.064861,0.066023,0.067193,0.068358,0.069519,0.070736,0.07199,0.073238,0.074478,0.075773,0.077103,0.078424,0.079738,0.081125,0.082522,0.08391,0.085309,0.086777,0.088234,0.08968,0.091193,0.092714,0.094223,0.095768,0.097349,0.098916,0.1005,0.10213,0.10375,0.10538,0.10706,0.10872,0.11039,0.1121,0.11378,0.11546,0.11717
96.7,0.029936,0.029981,0.030054,0.030153,0.03027,0.030403,0.030553,0.030717,0.030895,0.031087,0.031293,0.031511,0.031741,0.031983,0.032237,0.032502,0.032778,0.033065,0.033362,0.033669,0.033986,0.034313,0.034649,0.034994,0.035423,0.035863,0.036311,0.036768,0.037233,0.037707,0.038187,0.038676,0.039172,0.039675,0.040218,0.040826,0.04144,0.042059,0.042685,0.043315,0.043951,0.044592,0.045275,0.046025,0.046778,0.047534,0.048294,0.049057,0.049823,0.050671,0.051545,0.05242,0.053296,0.054173,0.055057,0.056042,0.057025,0.058008,0.058989,0.05997,0.061053,0.062135,0.063215,0.064292,0.065402,0.066579,0.067751,0.068917,0.070086,0.071349,0.072605,0.073854,0.075104,0.076445,0.077776,0.079099,0.080447,0.081856,0.083255,0.084644,0.0861,0.08757,0.089028,0.090509,0.092045,0.093569,0.095085,0.096682,0.098264,0.099834,0.10148,0.10311,0.10473,0.10642,0.1081,0.10976,0.11149,0.1132,0.11488,0.11662,0.11832
96.6,0.030103,0.030162,0.030241,0.03034,0.030457,0.030591,0.03074,0.030904,0.031083,0.031275,0.031481,0.031699,0.031929,0.032172,0.032426,0.032692,0.032968,0.033255,0.033553,0.03386,0.034178,0.034505,0.034842,0.035228,0.035659,0.0361,0.036548,0.037006,0.037472,0.037945,0.038427,0.038916,0.039413,0.039916,0.040504,0.041112,0.041727,0.042347,0.042973,0.043605,0.044242,0.044884,0.045613,0.046363,0.047117,0.047874,0.048635,0.049398,0.050188,0.051062,0.051936,0.052812,0.053689,0.054567,0.055501,0.056486,0.057471,0.058454,0.059437,0.060465,0.061552,0.062636,0.063717,0.064795,0.065958,0.067136,0.068308,0.069476,0.070699,0.071963,0.07322,0.07447,0.075775,0.077116,0.078449,0.079774,0.081177,0.082588,0.083988,0.085407,0.086891,0.088362,0.089822,0.091361,0.092898,0.094423,0.095998,0.097596,0.09918,0.1008,0.10245,0.10409,0.10575,0.10745,0.10914,0.11085,0.11258,0.1143,0.11603,0.11778,0.11948
96.5,0.030289,0.030348,0.030428,0.030527,0.030644,0.030778,0.030927,0.031092,0.031271,0.031463,0.031669,0.031887,0.032118,0.032361,0.032615,0.032881,0.033158,0.033445,0.033743,0.034051,0.03437,0.034697,0.035042,0.035464,0.035896,0.036336,0.036785,0.037243,0.03771,0.038184,0.038666,0.039156,0.039653,0.040187,0.04079,0.041399,0.042014,0.042635,0.043262,0.043894,0.044532,0.045202,0.04595,0.046701,0.047456,0.048214,0.048975,0.04974,0.050578,0.051452,0.052327,0.053204,0.054082,0.054962,0.055944,0.056931,0.057916,0.058901,0.059885,0.060964,0.062052,0.063137,0.064219,0.065329,0.066513,0.067692,0.068866,0.070038,0.071311,0.072576,0.073834,0.075093,0.076445,0.077788,0.079122,0.080484,0.081907,0.083319,0.084721,0.086197,0.087681,0.089154,0.09066,0.092212,0.093751,0.095296,0.09691,0.09851,0.1001,0.10177,0.10343,0.10507,0.10679,0.10849,0.11019,0.11194,0.11368,0.11541,0.11719,0.11893,0.12067
96.4,0.030476,0.030535,0.030614,0.030714,0.030831,0.030965,0.031115,0.031279,0.031458,0.031651,0.031857,0.032075,0.032307,0.03255,0.032805,0.033071,0.033348,0.033636,0.033934,0.034243,0.034561,0.03489,0.035278,0.0357,0.036132,0.036573,0.037022,0.037481,0.037948,0.038423,0.038906,0.039396,0.039894,0.040472,0.041075,0.041685,0.042301,0.042923,0.04355,0.044184,0.044822,0.045539,0.046287,0.047039,0.047794,0.048553,0.049316,0.050093,0.050967,0.051842,0.052719,0.053596,0.054475,0.0554,0.056388,0.057375,0.058362,0.059348,0.06037,0.061462,0.062551,0.063638,0.064721,0.065883,0.067068,0.068248,0.069424,0.07065,0.071923,0.073189,0.074449,0.075763,0.077116,0.07846,0.079795,0.081213,0.082637,0.08405,0.085488,0.086986,0.088472,0.089947,0.09151,0.093063,0.094604,0.096207,0.097822,0.099424,0.10107,0.10275,0.1044,0.1061,0.10783,0.10953,0.11128,0.11304,0.11478,0.11657,0.11834,0.12009,0.12188
96.3,0.030662,0.030721,0.030801,0.030901,0.031018,0.031152,0.031302,0.031467,0.031646,0.031839,0.032045,0.032264,0.032495,0.032739,0.032994,0.03326,0.033538,0.033826,0.034125,0.034434,0.034753,0.0351,0.035513,0.035936,0.036368,0.036809,0.03726,0.037718,0.038186,0.038661,0.039145,0.039636,0.04016,0.040757,0.041361,0.041972,0.042588,0.043211,0.043839,0.044473,0.04513,0.045875,0.046624,0.047377,0.048133,0.048893,0.049657,0.050482,0.051356,0.052232,0.05311,0.053988,0.054869,0.055842,0.056832,0.05782,0.058808,0.059794,0.060868,0.061961,0.063051,0.064138,0.065246,0.066437,0.067623,0.068805,0.069981,0.071261,0.072535,0.073803,0.075069,0.076432,0.077786,0.079132,0.080507,0.081942,0.083367,0.084782,0.086277,0.087776,0.089263,0.090792,0.09236,0.093915,0.095487,0.097118,0.098735,0.10036,0.10205,0.10372,0.1054,0.10714,0.10886,0.1106,0.11238,0.11414,0.11592,0.11772,0.1195,0.12131,0.12309
96.2,0.030848,0.030908,0.030988,0.031088,0.031205,0.031339,0.031489,0.031654,0.031834,0.032027,0.032233,0.032452,0.032684,0.032927,0.033183,0.03345,0.033728,0.034016,0.034316,0.034625,0.034945,0.035335,0.035748,0.036171,0.036604,0.037046,0.037497,0.037956,0.038424,0.0389,0.039384,0.039876,0.040445,0.041043,0.041647,0.042258,0.042875,0.043499,0.044128,0.044763,0.045466,0.046212,0.046961,0.047715,0.048472,0.049233,0.049997,0.050871,0.051746,0.052623,0.053501,0.054381,0.055294,0.056285,0.057275,0.058265,0.059253,0.060268,0.061365,0.06246,0.063551,0.064639,0.065799,0.066992,0.068179,0.069361,0.07059,0.071872,0.073148,0.074416,0.075738,0.077102,0.078457,0.079803,0.081235,0.082671,0.084097,0.085553,0.087065,0.088565,0.090058,0.091641,0.09321,0.094766,0.096397,0.098029,0.099647,0.10133,0.10302,0.10469,0.10643,0.10817,0.1099,0.11169,0.11347,0.11525,0.11708,0.11888,0.12069,0.12252,0.12431
96.1,0.031035,0.031095,0.031175,0.031274,0.031392,0.031526,0.031677,0.031842,0.032021,0.032214,0.032421,0.03264,0.032872,0.033116,0.033372,0.033639,0.033918,0.034207,0.034506,0.034816,0.035167,0.03557,0.035984,0.036407,0.03684,0.037282,0.037734,0.038194,0.038662,0.039139,0.039624,0.040138,0.040729,0.041328,0.041933,0.042545,0.043162,0.043786,0.044416,0.04506,0.045802,0.046548,0.047299,0.048053,0.048811,0.049572,0.050385,0.051259,0.052135,0.053013,0.053892,0.054773,0.055737,0.056728,0.057719,0.058709,0.059699,0.060765,0.061863,0.062958,0.06405,0.065154,0.066353,0.067546,0.068734,0.069917,0.0712,0.072484,0.07376,0.075032,0.076407,0.077771,0.079128,0.080514,0.081963,0.0834,0.084827,0.08634,0.087854,0.089355,0.090906,0.09249,0.09406,0.095659,0.097307,0.098941,0.1006,0.1023,0.10399,0.10571,0.10747,0.10921,0.11098,0.11279,0.11457,0.1164,0.11823,0.12004,0.1219,0.12373,0.12555
96,0.031221,0.031281,0.031362,0.031461,0.031579,0.031714,0.031864,0.032029,0.032209,0.032402,0.032609,0.032829,0.033061,0.033305,0.033561,0.033829,0.034107,0.034397,0.034697,0.035009,0.035402,0.035806,0.036219,0.036643,0.037076,0.037519,0.037971,0.038431,0.0389,0.039378,0.039863,0.040422,0.041014,0.041613,0.042219,0.042831,0.043449,0.044074,0.044705,0.045396,0.046138,0.046885,0.047636,0.048391,0.049149,0.049912,0.050773,0.051648,0.052525,0.053403,0.054283,0.055186,0.056179,0.057171,0.058162,0.059154,0.060161,0.061262,0.062361,0.063457,0.06455,0.065707,0.066906,0.0681,0.069289,0.070519,0.071811,0.073095,0.074372,0.0757,0.077075,0.078441,0.079798,0.081242,0.082691,0.084129,0.085601,0.087128,0.088642,0.090155,0.091754,0.093339,0.09491,0.096568,0.098217,0.099852,0.10157,0.10327,0.10497,0.10674,0.1085,0.11026,0.11208,0.11388,0.1157,0.11755,0.11939,0.12125,0.12311,0.12494,0.12682
95.9,0.031407,0.031468,0.031548,0.031648,0.031766,0.031901,0.032051,0.032217,0.032397,0.03259,0.032797,0.033017,0.033249,0.033494,0.03375,0.034018,0.034297,0.034587,0.034888,0.035244,0.035637,0.036041,0.036455,0.036879,0.037312,0.037755,0.038208,0.038669,0.039138,0.039616,0.040121,0.040707,0.041299,0.041898,0.042505,0.043117,0.043737,0.044362,0.044993,0.045731,0.046474,0.047221,0.047973,0.048729,0.049488,0.050287,0.051161,0.052037,0.052914,0.053793,0.054674,0.055627,0.056621,0.057614,0.058606,0.059598,0.060657,0.061759,0.062859,0.063956,0.065055,0.06626,0.06746,0.068654,0.069845,0.071129,0.072421,0.073706,0.074985,0.076368,0.077744,0.079111,0.080508,0.081969,0.083419,0.084858,0.086388,0.087915,0.089431,0.091003,0.092602,0.094188,0.095812,0.097478,0.099128,0.10081,0.10254,0.10425,0.106,0.10777,0.10953,0.11135,0.11317,0.11498,0.11685,0.11871,0.12057,0.12246,0.12433,0.12621,0.12809
95.8,0.031594,0.031654,0.031735,0.031835,0.031953,0.032088,0.032239,0.032404,0.032584,0.032778,0.032985,0.033205,0.033438,0.033683,0.03394,0.034208,0.034487,0.034778,0.035097,0.035479,0.035872,0.036276,0.03669,0.037114,0.037549,0.037992,0.038445,0.038906,0.039376,0.039855,0.040405,0.040991,0.041584,0.042184,0.04279,0.043404,0.044024,0.04465,0.045327,0.046066,0.04681,0.047558,0.04831,0.049067,0.049827,0.050675,0.051549,0.052425,0.053304,0.054184,0.055074,0.056068,0.057063,0.058056,0.05905,0.060048,0.061153,0.062256,0.063357,0.064454,0.065607,0.066813,0.068013,0.069209,0.070439,0.071739,0.073032,0.074318,0.075651,0.077036,0.078413,0.07978,0.081235,0.082696,0.084147,0.085634,0.087175,0.088703,0.090235,0.09185,0.09345,0.095039,0.096721,0.098387,0.10004,0.10178,0.10351,0.10523,0.10703,0.10881,0.1106,0.11244,0.11427,0.11613,0.11801,0.11986,0.12178,0.12368,0.12557,0.12748,0.12936
95.7,0.03178,0.031841,0.031922,0.032022,0.03214,0.032275,0.032426,0.032592,0.032772,0.032966,0.033173,0.033394,0.033627,0.033872,0.034129,0.034397,0.034677,0.034968,0.035331,0.035713,0.036107,0.036511,0.036926,0.03735,0.037785,0.038229,0.038682,0.039144,0.039614,0.040111,0.040689,0.041275,0.041869,0.042469,0.043076,0.04369,0.044311,0.044938,0.045662,0.046402,0.047146,0.047894,0.048647,0.049405,0.050189,0.051062,0.051937,0.052814,0.053693,0.054574,0.055515,0.05651,0.057505,0.058499,0.059493,0.060543,0.06165,0.062753,0.063854,0.064953,0.066159,0.067365,0.068567,0.069763,0.071048,0.072349,0.073642,0.074929,0.076318,0.077704,0.079081,0.080488,0.081961,0.083423,0.084875,0.08642,0.087962,0.089491,0.091082,0.092697,0.094298,0.095947,0.09763,0.099296,0.10101,0.10275,0.10448,0.10626,0.10806,0.10984,0.11169,0.11354,0.11538,0.11728,0.11916,0.12107,0.123,0.12489,0.12684,0.12876,0.13066
95.6,0.031967,0.032028,0.032109,0.032209,0.032327,0.032462,0.032613,0.032779,0.03296,0.033154,0.033361,0.033582,0.033815,0.034061,0.034318,0.034587,0.034867,0.035195,0.035566,0.035948,0.036342,0.036746,0.037161,0.037586,0.038021,0.038465,0.038919,0.039381,0.039853,0.040395,0.040973,0.04156,0.042153,0.042754,0.043362,0.043977,0.044598,0.045262,0.045997,0.046737,0.047482,0.048231,0.048985,0.049742,0.050576,0.05145,0.052325,0.053203,0.054082,0.054964,0.055955,0.056951,0.057947,0.058942,0.059937,0.061039,0.062146,0.06325,0.064352,0.065499,0.066711,0.067918,0.06912,0.070349,0.071657,0.072958,0.074253,0.075589,0.076985,0.078372,0.07975,0.081214,0.082688,0.084151,0.085651,0.087206,0.088748,0.090299,0.091929,0.093545,0.095157,0.096856,0.098538,0.10022,0.10198,0.10372,0.10548,0.1073,0.10909,0.11092,0.11279,0.11463,0.11654,0.11844,0.12034,0.12229,0.12421,0.12616,0.12811,0.13003,0.13199
95.5,0.032153,0.032214,0.032295,0.032396,0.032514,0.03265,0.032801,0.032967,0.033147,0.033342,0.033549,0.03377,0.034004,0.034249,0.034507,0.034776,0.03507,0.035429,0.0358,0.036183,0.036577,0.036981,0.037396,0.037822,0.038257,0.038702,0.039156,0.039619,0.040108,0.040679,0.041257,0.041844,0.042438,0.043039,0.043648,0.044263,0.044885,0.045596,0.046332,0.047072,0.047818,0.048567,0.049322,0.050092,0.050963,0.051837,0.052713,0.053591,0.054472,0.0554,0.056396,0.057393,0.058389,0.059385,0.060425,0.061535,0.062643,0.063747,0.06485,0.066051,0.067263,0.068471,0.069674,0.070957,0.072266,0.073568,0.074863,0.076256,0.077653,0.07904,0.080455,0.08194,0.083415,0.084878,0.086437,0.087993,0.089535,0.091146,0.092776,0.094392,0.096065,0.097764,0.099447,0.10119,0.10295,0.10469,0.10651,0.10833,0.11013,0.11202,0.11388,0.11577,0.11769,0.11959,0.12155,0.1235,0.12545,0.12743,0.12939,0.13136,0.13332
95.4,0.032339,0.032401,0.032482,0.032583,0.032701,0.032837,0.032988,0.033154,0.033335,0.033529,0.033738,0.033959,0.034192,0.034438,0.034696,0.034966,0.035304,0.035663,0.036035,0.036417,0.036811,0.037216,0.037632,0.038058,0.038493,0.038938,0.039393,0.039856,0.040391,0.040962,0.041541,0.042128,0.042723,0.043325,0.043934,0.044549,0.0452,0.045931,0.046667,0.047408,0.048153,0.048904,0.049659,0.050479,0.05135,0.052225,0.053101,0.05398,0.054861,0.05584,0.056837,0.057834,0.058831,0.059828,0.06092,0.062031,0.063139,0.064245,0.065385,0.066603,0.067816,0.069024,0.07025,0.071566,0.072876,0.074178,0.075517,0.076923,0.07832,0.079708,0.081181,0.082666,0.084141,0.085654,0.087223,0.088779,0.090347,0.091993,0.093623,0.095257,0.096973,0.098672,0.10038,0.10216,0.10392,0.10571,0.10754,0.10936,0.11123,0.11311,0.11498,0.11692,0.11885,0.12079,0.12277,0.12472,0.12672,0.12871,0.13069,0.13269,0.13465
95.3,0.032526,0.032587,0.032669,0.03277,0.032888,0.033024,0.033175,0.033342,0.033523,0.033717,0.033926,0.034147,0.034381,0.034627,0.034885,0.035192,0.035539,0.035898,0.036269,0.036652,0.037046,0.037452,0.037867,0.038293,0.038729,0.039175,0.03963,0.040112,0.040675,0.041246,0.041825,0.042413,0.043008,0.04361,0.044219,0.044836,0.045534,0.046265,0.047002,0.047743,0.048489,0.04924,0.049996,0.050865,0.051737,0.052612,0.053489,0.054369,0.055283,0.056281,0.057278,0.058276,0.059273,0.060302,0.061416,0.062527,0.063635,0.064742,0.065937,0.067155,0.068368,0.069576,0.070858,0.072175,0.073485,0.074788,0.076184,0.077591,0.078988,0.080409,0.081906,0.083393,0.084868,0.08644,0.088009,0.089565,0.091193,0.092839,0.09447,0.096165,0.097881,0.09958,0.10135,0.10313,0.10489,0.10674,0.10857,0.11042,0.11232,0.11421,0.11613,0.11808,0.12,0.12201,0.12398,0.12598,0.128,0.12998,0.13202,0.13402,0.13602
95.2,0.032712,0.032774,0.032856,0.032957,0.033075,0.033211,0.033363,0.033529,0.03371,0.033905,0.034114,0.034335,0.034569,0.034816,0.035092,0.035426,0.035773,0.036132,0.036504,0.036887,0.037281,0.037687,0.038103,0.038529,0.038965,0.039411,0.039867,0.040395,0.040958,0.041529,0.042109,0.042697,0.043292,0.043895,0.044505,0.045143,0.045868,0.0466,0.047336,0.048078,0.048825,0.049577,0.050382,0.051252,0.052124,0.053,0.053877,0.054757,0.055723,0.056721,0.057719,0.058717,0.059715,0.060797,0.061911,0.063023,0.064132,0.065265,0.066488,0.067706,0.06892,0.070142,0.071467,0.072784,0.074094,0.075435,0.076851,0.078258,0.079655,0.081135,0.082632,0.084119,0.085643,0.087226,0.088795,0.090379,0.09204,0.093686,0.09534,0.097073,0.098789,0.10052,0.10232,0.1041,0.10592,0.10777,0.10961,0.11151,0.11342,0.11532,0.11729,0.11923,0.12122,0.12322,0.12521,0.12726,0.12927,0.13132,0.13336,0.13537,0.13741
95.1,0.032899,0.032961,0.033042,0.033143,0.033262,0.033398,0.03355,0.033717,0.033898,0.034093,0.034302,0.034524,0.034758,0.035006,0.035326,0.03566,0.036007,0.036366,0.036738,0.037121,0.037516,0.037922,0.038338,0.038765,0.039202,0.039648,0.040124,0.040678,0.041241,0.041813,0.042393,0.042981,0.043577,0.044181,0.044791,0.045476,0.046202,0.046934,0.047671,0.048414,0.049161,0.049913,0.050768,0.051638,0.052511,0.053387,0.054265,0.055165,0.056163,0.057161,0.05816,0.059158,0.060176,0.061292,0.062407,0.063518,0.064628,0.065816,0.067039,0.068258,0.069472,0.070751,0.072075,0.073393,0.074703,0.076101,0.077518,0.078925,0.080351,0.081861,0.083358,0.084845,0.086429,0.088012,0.089581,0.091226,0.092887,0.094533,0.096249,0.097981,0.099697,0.10149,0.10329,0.10507,0.10695,0.1088,0.11068,0.1126,0.11451,0.11647,0.11844,0.12041,0.12244,0.12444,0.12649,0.12853,0.13058,0.13265,0.13469,0.13677,0.1388
95,0.033085,0.033147,0.033229,0.03333,0.03345,0.033585,0.033737,0.033904,0.034086,0.034281,0.03449,0.034712,0.034947,0.03524,0.03556,0.035894,0.036241,0.036601,0.036973,0.037356,0.037751,0.038157,0.038574,0.039001,0.039438,0.039885,0.040407,0.040961,0.041525,0.042097,0.042677,0.043266,0.043862,0.044466,0.04509,0.04581,0.046537,0.047269,0.048006,0.048749,0.049497,0.050287,0.051154,0.052025,0.052898,0.053774,0.054653,0.055605,0.056603,0.057602,0.058601,0.0596,0.060671,0.061787,0.062902,0.064014,0.065138,0.066367,0.067591,0.06881,0.070027,0.071359,0.072684,0.074002,0.075342,0.076768,0.078184,0.079592,0.081077,0.082586,0.084084,0.085619,0.087215,0.088798,0.090396,0.092072,0.093733,0.095407,0.097157,0.098889,0.10065,0.10246,0.10426,0.10611,0.10798,0.10984,0.11177,0.1137,0.11564,0.11763,0.1196,0.12163,0.12366,0.12569,0.12777,0.12981,0.13192,0.13399,0.13608,0.13816,0.1402
94.9,0.033271,0.033334,0.033416,0.033517,0.033637,0.033773,0.033925,0.034092,0.034273,0.034469,0.034678,0.0349,0.035168,0.035474,0.035795,0.036128,0.036475,0.036835,0.037207,0.037591,0.037986,0.038392,0.038809,0.039236,0.039674,0.040145,0.04069,0.041244,0.041808,0.04238,0.042961,0.04355,0.044147,0.044751,0.045423,0.046144,0.046871,0.047603,0.048341,0.049084,0.049833,0.050673,0.05154,0.052411,0.053285,0.054162,0.055047,0.056045,0.057043,0.058042,0.059042,0.060046,0.061165,0.062282,0.063397,0.06451,0.065689,0.066918,0.068142,0.069361,0.070635,0.071967,0.073292,0.07461,0.076009,0.077435,0.078851,0.080282,0.081803,0.083312,0.08481,0.086405,0.088001,0.089584,0.091243,0.092919,0.09458,0.096316,0.098065,0.099797,0.10162,0.10343,0.10524,0.10714,0.10901,0.11092,0.11287,0.11479,0.1168,0.11879,0.1208,0.12285,0.12488,0.12697,0.12905,0.13114,0.13325,0.13534,0.13747,0.13956,0.14166
94.8,0.033458,0.03352,0.033603,0.033704,0.033824,0.03396,0.034112,0.034279,0.034461,0.034657,0.034866,0.03511,0.035402,0.035708,0.036029,0.036363,0.03671,0.037069,0.037442,0.037825,0.038221,0.038627,0.039044,0.039472,0.03991,0.040428,0.040973,0.041528,0.042091,0.042664,0.043245,0.043834,0.044432,0.045043,0.045757,0.046478,0.047205,0.047937,0.048676,0.04942,0.050194,0.051058,0.051927,0.052798,0.053672,0.054549,0.055486,0.056485,0.057483,0.058483,0.059482,0.060541,0.06166,0.062777,0.063893,0.065007,0.06624,0.067469,0.068693,0.069913,0.071244,0.072576,0.073901,0.07524,0.076676,0.078101,0.079518,0.081008,0.082529,0.084038,0.085581,0.087191,0.088787,0.090399,0.09209,0.093766,0.095458,0.097225,0.098974,0.10075,0.10259,0.1044,0.10628,0.10817,0.11005,0.11202,0.11396,0.11594,0.11796,0.11995,0.12202,0.12407,0.12615,0.12825,0.13034,0.13249,0.13459,0.13674,0.13887,0.14099,0.14311
94.7,0.033644,0.033707,0.033789,0.033891,0.034011,0.034147,0.034299,0.034467,0.034649,0.034844,0.035067,0.035344,0.035636,0.035942,0.036263,0.036597,0.036944,0.037304,0.037676,0.03806,0.038456,0.038862,0.03928,0.039708,0.040175,0.04071,0.041256,0.041811,0.042375,0.042948,0.043529,0.044119,0.044716,0.045376,0.04609,0.046812,0.047539,0.048272,0.049011,0.049755,0.05058,0.051444,0.052313,0.053184,0.054059,0.054937,0.055926,0.056924,0.057924,0.058923,0.059923,0.061035,0.062155,0.063273,0.064388,0.065558,0.066791,0.06802,0.069245,0.070513,0.071852,0.073184,0.074509,0.075907,0.077342,0.078768,0.080201,0.081734,0.083255,0.084764,0.086368,0.087977,0.089573,0.091246,0.092937,0.094613,0.096368,0.098134,0.099882,0.10173,0.10356,0.1054,0.10731,0.10921,0.11115,0.11311,0.11506,0.1171,0.11911,0.12117,0.12324,0.12531,0.12744,0.12954,0.13169,0.13383,0.13598,0.13814,0.14028,0.14245,0.14457
94.6,0.03383,0.033894,0.033976,0.034078,0.034198,0.034334,0.034487,0.034654,0.034836,0.03504,0.035301,0.035578,0.03587,0.036176,0.036497,0.036831,0.037178,0.037538,0.03791,0.038295,0.038691,0.039097,0.039515,0.039944,0.040458,0.040993,0.041539,0.042094,0.042658,0.043231,0.043813,0.044403,0.045001,0.045709,0.046424,0.047145,0.047873,0.048606,0.049346,0.050104,0.050965,0.05183,0.052699,0.053571,0.054446,0.055368,0.056366,0.057364,0.058364,0.059364,0.060409,0.06153,0.06265,0.063768,0.064883,0.066109,0.067342,0.068571,0.069796,0.071121,0.07246,0.073792,0.075129,0.076574,0.078009,0.079435,0.080928,0.08246,0.083981,0.085531,0.087154,0.088763,0.090387,0.092094,0.093785,0.095494,0.097277,0.099042,0.10085,0.1027,0.10453,0.10643,0.10835,0.11025,0.11224,0.11421,0.11623,0.11826,0.12029,0.12239,0.12446,0.12659,0.12872,0.13086,0.13303,0.13518,0.13738,0.13954,0.14174,0.14391,0.14607
94.5,0.034017,0.03408,0.034163,0.034265,0.034385,0.034521,0.034674,0.034842,0.03503,0.035274,0.035535,0.035812,0.036104,0.03641,0.036731,0.037065,0.037412,0.037772,0.038145,0.038529,0.038925,0.039333,0.039751,0.040215,0.04074,0.041276,0.041822,0.042377,0.042941,0.043515,0.044097,0.044687,0.045335,0.046043,0.046758,0.047479,0.048207,0.048941,0.04968,0.05049,0.051351,0.052216,0.053085,0.053957,0.054833,0.055807,0.056805,0.057804,0.058804,0.059804,0.060903,0.062025,0.063145,0.064263,0.065421,0.06666,0.067893,0.069122,0.070383,0.07173,0.073069,0.074401,0.075797,0.077241,0.078676,0.080111,0.081654,0.083186,0.084707,0.086318,0.087941,0.089549,0.091236,0.092942,0.094632,0.096405,0.098187,0.099951,0.10182,0.10367,0.10554,0.10747,0.10938,0.11135,0.11334,0.11533,0.11739,0.11942,0.12151,0.12361,0.12572,0.12788,0.13,0.13221,0.13437,0.13658,0.13878,0.14099,0.1432,0.14538,0.14758
94.4,0.034203,0.034267,0.03435,0.034452,0.034572,0.034709,0.034861,0.035036,0.035264,0.035509,0.035769,0.036046,0.036338,0.036644,0.036965,0.037299,0.037647,0.038007,0.038379,0.038764,0.03916,0.039568,0.039986,0.040498,0.041023,0.041559,0.042105,0.04266,0.043225,0.043799,0.044381,0.044972,0.045668,0.046376,0.047091,0.047813,0.048541,0.049275,0.050018,0.050875,0.051737,0.052602,0.053471,0.054344,0.05525,0.056247,0.057245,0.058244,0.059244,0.060274,0.061398,0.062519,0.063639,0.064758,0.065973,0.067211,0.068444,0.069674,0.070992,0.072338,0.073677,0.07501,0.076464,0.077908,0.079342,0.080838,0.082381,0.083913,0.08547,0.087106,0.088727,0.090363,0.092084,0.093789,0.095515,0.097315,0.099096,0.10092,0.10279,0.10464,0.10657,0.1085,0.11044,0.11245,0.11444,0.11649,0.11855,0.12062,0.12274,0.12484,0.12701,0.12916,0.13135,0.13355,0.13575,0.13799,0.1402,0.14245,0.14466,0.14691,0.1491
94.3,0.03439,0.034453,0.034537,0.034639,0.034759,0.034896,0.035061,0.035271,0.035498,0.035743,0.036004,0.03628,0.036572,0.036878,0.037199,0.037533,0.037881,0.038241,0.038614,0.038999,0.039395,0.039803,0.040266,0.04078,0.041306,0.041842,0.042387,0.042943,0.043508,0.044082,0.044665,0.0453,0.046001,0.046709,0.047425,0.048147,0.048875,0.04961,0.050403,0.051261,0.052122,0.052988,0.053858,0.054731,0.055689,0.056686,0.057684,0.058684,0.059684,0.060769,0.061892,0.063014,0.064134,0.065281,0.066524,0.067762,0.068995,0.070248,0.071601,0.072947,0.074285,0.075678,0.077131,0.078575,0.08001,0.081565,0.083108,0.084639,0.086257,0.087893,0.089514,0.091212,0.092933,0.094637,0.096427,0.098225,0.10001,0.1019,0.10376,0.10565,0.10761,0.10954,0.11154,0.11355,0.11557,0.11765,0.11971,0.12184,0.12396,0.12612,0.1283,0.13047,0.1327,0.1349,0.13717,0.1394,0.14167,0.14392,0.14618,0.14843,0.15065
94.2,0.034576,0.03464,0.034723,0.034826,0.034946,0.035104,0.035295,0.035505,0.035732,0.035977,0.036238,0.036514,0.036806,0.037112,0.037433,0.037767,0.038115,0.038475,0.038848,0.039233,0.03963,0.040046,0.040549,0.041063,0.041588,0.042124,0.04267,0.043226,0.043792,0.044366,0.044949,0.045633,0.046334,0.047043,0.047758,0.04848,0.049209,0.049944,0.050789,0.051646,0.052508,0.053374,0.054244,0.055133,0.056129,0.057126,0.058124,0.059123,0.060139,0.061264,0.062387,0.063509,0.064629,0.065833,0.067075,0.068313,0.069546,0.070857,0.07221,0.073555,0.074894,0.076346,0.077798,0.079242,0.080738,0.082292,0.083834,0.085396,0.087045,0.08868,0.090325,0.092061,0.093781,0.095522,0.097338,0.099136,0.10098,0.10287,0.10474,0.10669,0.10864,0.11061,0.11264,0.11465,0.11674,0.11882,0.12092,0.12307,0.1252,0.12741,0.12959,0.13183,0.13405,0.13631,0.13858,0.14085,0.14314,0.1454,0.14771,0.14995,0.15223
94.1,0.034762,0.034827,0.03491,0.035016,0.035167,0.035338,0.035529,0.035739,0.035967,0.036211,0.036472,0.036748,0.03704,0.037346,0.037667,0.038002,0.038349,0.03871,0.039083,0.039468,0.039865,0.040328,0.040831,0.041346,0.041871,0.042407,0.042953,0.043509,0.044075,0.04465,0.045273,0.045967,0.046668,0.047376,0.048092,0.048814,0.049543,0.050321,0.051174,0.052032,0.052894,0.05376,0.05463,0.055573,0.056568,0.057565,0.058563,0.059563,0.060634,0.061758,0.062882,0.064004,0.065138,0.066384,0.067626,0.068864,0.070107,0.071466,0.072818,0.074164,0.075552,0.077013,0.078466,0.079909,0.081466,0.083019,0.084561,0.086185,0.087833,0.089467,0.091175,0.092911,0.09463,0.096435,0.09825,0.10005,0.10196,0.10384,0.10576,0.10773,0.10968,0.11171,0.11374,0.1158,0.1179,0.11998,0.12215,0.1243,0.12649,0.1287,0.13092,0.13318,0.13542,0.13773,0.13999,0.14232,0.14461,0.14694,0.14923,0.15154,0.15382
94,0.034949,0.035017,0.035122,0.03525,0.035401,0.035573,0.035764,0.035973,0.036201,0.036445,0.036706,0.036982,0.037274,0.03758,0.037901,0.038236,0.038583,0.038944,0.039317,0.039703,0.04012,0.040611,0.041114,0.041628,0.042154,0.04269,0.043236,0.043793,0.044358,0.044933,0.045606,0.0463,0.047001,0.04771,0.048425,0.049148,0.049877,0.050707,0.05156,0.052417,0.05328,0.054146,0.055018,0.056012,0.057007,0.058005,0.059003,0.060003,0.061129,0.062253,0.063376,0.064498,0.06569,0.066935,0.068177,0.069415,0.070717,0.072075,0.073427,0.074772,0.07622,0.077681,0.079133,0.080629,0.082193,0.083746,0.085312,0.086974,0.088621,0.090275,0.092026,0.09376,0.095515,0.097347,0.099161,0.10103,0.10293,0.10482,0.1068,0.10877,0.11077,0.11282,0.11485,0.11696,0.11907,0.12121,0.12338,0.12555,0.12779,0.12999,0.13228,0.13453,0.13684,0.13914,0.14147,0.1438,0.14613,0.14847,0.1508,0.15313,0.15542
93.9,0.03517,0.035251,0.035357,0.035485,0.035636,0.035807,0.035998,0.036208,0.036435,0.036679,0.03694,0.037216,0.037508,0.037815,0.038135,0.03847,0.038818,0.039179,0.039552,0.039937,0.040403,0.040894,0.041396,0.041911,0.042436,0.042973,0.043519,0.044076,0.044642,0.045255,0.04594,0.046633,0.047334,0.048043,0.048759,0.049482,0.050244,0.051092,0.051945,0.052803,0.053665,0.054532,0.055458,0.056452,0.057447,0.058444,0.059443,0.060498,0.061624,0.062748,0.063871,0.064993,0.066241,0.067487,0.068728,0.069965,0.071327,0.072684,0.074036,0.075418,0.076888,0.078349,0.0798,0.081357,0.082921,0.084473,0.086102,0.087763,0.089409,0.091127,0.092876,0.094609,0.096429,0.09826,0.10008,0.102,0.10391,0.10585,0.10784,0.10981,0.11187,0.11392,0.11601,0.11813,0.12025,0.12244,0.12461,0.12685,0.12908,0.13135,0.13364,0.13593,0.13826,0.14058,0.14295,0.14528,0.14767,0.15001,0.15239,0.15472,0.15707
93.8,0.035405,0.035486,0.035591,0.03572,0.03587,0.036042,0.036233,0.036442,0.036669,0.036913,0.037174,0.03745,0.037742,0.038049,0.038369,0.038704,0.039052,0.039413,0.039786,0.040207,0.040685,0.041176,0.041679,0.042194,0.042719,0.043256,0.043802,0.044359,0.044925,0.045588,0.046273,0.046966,0.047667,0.048376,0.049092,0.049816,0.05063,0.051478,0.052331,0.053189,0.054051,0.054918,0.055898,0.056891,0.057886,0.058883,0.059882,0.060993,0.062118,0.063243,0.064366,0.065544,0.066793,0.068038,0.069279,0.070572,0.071936,0.073293,0.074644,0.076087,0.077557,0.079016,0.080511,0.082086,0.083649,0.085218,0.086892,0.088552,0.090213,0.091979,0.093727,0.095495,0.097343,0.099173,0.10106,0.10298,0.10488,0.10689,0.10888,0.1109,0.11298,0.11502,0.11718,0.1193,0.12148,0.12368,0.12589,0.12815,0.1304,0.13271,0.13499,0.13736,0.13968,0.14207,0.14443,0.14683,0.14921,0.15161,0.15399,0.15637,0.15872
93.7,0.03564,0.035721,0.035826,0.035955,0.036105,0.036276,0.036467,0.036676,0.036903,0.037148,0.037408,0.037684,0.037976,0.038283,0.038603,0.038938,0.039286,0.039647,0.040025,0.04049,0.040968,0.041459,0.041962,0.042476,0.043002,0.043538,0.044085,0.044642,0.045245,0.045921,0.046606,0.047299,0.048001,0.04871,0.049426,0.050173,0.051015,0.051863,0.052716,0.053574,0.054437,0.055346,0.056337,0.05733,0.058326,0.059323,0.060363,0.061488,0.062613,0.063737,0.06486,0.066096,0.067345,0.068589,0.06983,0.071182,0.072546,0.073903,0.075279,0.076756,0.078225,0.079684,0.081241,0.082815,0.084377,0.086009,0.087682,0.08934,0.091066,0.09283,0.094577,0.096411,0.098258,0.10009,0.10204,0.10396,0.10592,0.10793,0.10992,0.11201,0.11408,0.1162,0.11835,0.1205,0.12272,0.12491,0.12719,0.12945,0.13176,0.13407,0.13642,0.13878,0.14116,0.14356,0.14595,0.14838,0.15078,0.15321,0.15561,0.15803,0.16039
93.6,0.035875,0.035956,0.036061,0.036189,0.03634,0.036511,0.036701,0.036911,0.037138,0.037382,0.037642,0.037919,0.03821,0.038517,0.038837,0.039172,0.03952,0.039882,0.040308,0.040773,0.041251,0.041742,0.042244,0.042759,0.043285,0.043821,0.044368,0.044925,0.045578,0.046254,0.046939,0.047632,0.048334,0.049043,0.04976,0.050558,0.051401,0.052249,0.053102,0.05396,0.054823,0.055786,0.056777,0.05777,0.058765,0.059762,0.060858,0.061983,0.063108,0.064232,0.065396,0.066648,0.067896,0.069141,0.070423,0.071792,0.073155,0.074512,0.075948,0.077425,0.078893,0.080385,0.08197,0.083543,0.085114,0.0868,0.088472,0.09014,0.09192,0.093682,0.095462,0.097327,0.099172,0.10107,0.10301,0.10493,0.10696,0.10897,0.11102,0.11312,0.1152,0.11737,0.11952,0.12174,0.12395,0.12621,0.12849,0.13079,0.13313,0.13546,0.13785,0.14022,0.14265,0.14504,0.14751,0.14992,0.15239,0.15482,0.15728,0.15968,0.16211
93.5,0.036109,0.036191,0.036296,0.036424,0.036574,0.036745,0.036936,0.037145,0.037372,0.037616,0.037876,0.038153,0.038444,0.038751,0.039072,0.039406,0.039755,0.04014,0.040591,0.041056,0.041534,0.042024,0.042527,0.043041,0.043567,0.044104,0.044651,0.045245,0.045912,0.046587,0.047272,0.047966,0.048667,0.049376,0.050108,0.050944,0.051786,0.052634,0.053487,0.054345,0.055238,0.056226,0.057216,0.058209,0.059205,0.060228,0.061353,0.062478,0.063603,0.064727,0.065949,0.0672,0.068448,0.069692,0.071033,0.072402,0.073765,0.075133,0.076618,0.078095,0.079562,0.081116,0.0827,0.084272,0.085907,0.087591,0.089262,0.090995,0.092773,0.094534,0.09638,0.098243,0.10009,0.10205,0.10399,0.10598,0.10801,0.11002,0.11213,0.11422,0.11637,0.11854,0.12073,0.12298,0.1252,0.12751,0.12979,0.13215,0.13449,0.13689,0.13928,0.14171,0.14414,0.1466,0.14906,0.15153,0.154,0.15648,0.15894,0.1614,0.16383
93.4,0.036344,0.036425,0.03653,0.036659,0.036809,0.03698,0.03717,0.037379,0.037606,0.03785,0.03811,0.038387,0.038678,0.038985,0.039306,0.03964,0.039989,0.040423,0.040874,0.041338,0.041816,0.042307,0.04281,0.043324,0.04385,0.044387,0.044934,0.045579,0.046245,0.046921,0.047605,0.048299,0.049,0.04971,0.050494,0.05133,0.052172,0.05302,0.053873,0.054731,0.055678,0.056665,0.057656,0.058649,0.059644,0.060723,0.061849,0.062973,0.064098,0.065247,0.066501,0.067752,0.068999,0.07027,0.071644,0.073012,0.074374,0.075804,0.077288,0.078764,0.080252,0.081847,0.08343,0.085001,0.086699,0.088383,0.090056,0.09185,0.093626,0.095417,0.097297,0.099158,0.10108,0.10304,0.10497,0.10702,0.10905,0.11113,0.11324,0.11535,0.11755,0.11972,0.12197,0.12421,0.12651,0.12882,0.13116,0.13352,0.1359,0.13833,0.14074,0.14321,0.14566,0.14816,0.15064,0.15315,0.15564,0.15816,0.16064,0.16313,0.16558
93.3,0.036579,0.03666,0.036765,0.036893,0.037043,0.037214,0.037405,0.037613,0.03784,0.038084,0.038344,0.038621,0.038912,0.039219,0.03954,0.039875,0.04027,0.040706,0.041157,0.041621,0.042099,0.042589,0.043092,0.043607,0.044133,0.04467,0.045256,0.045912,0.046578,0.047254,0.047939,0.048632,0.049334,0.05005,0.050879,0.051715,0.052557,0.053405,0.054258,0.055133,0.056118,0.057105,0.058095,0.059088,0.060094,0.061219,0.062344,0.063468,0.064592,0.0658,0.067054,0.068304,0.069551,0.070881,0.072255,0.073622,0.074984,0.076475,0.077958,0.079433,0.080984,0.082578,0.084159,0.085795,0.087492,0.089174,0.090913,0.092705,0.09448,0.096337,0.098215,0.10008,0.10206,0.10402,0.10602,0.10807,0.1101,0.11224,0.11435,0.11653,0.11873,0.12095,0.12322,0.12548,0.12782,0.13013,0.13253,0.13489,0.13734,0.13976,0.14225,0.14471,0.14723,0.14972,0.15226,0.15477,0.15732,0.15983,0.16237,0.16486,0.16737
93.2,0.036814,0.036895,0.037,0.037128,0.037278,0.037449,0.037639,0.037848,0.038074,0.038318,0.038578,0.038855,0.039146,0.039453,0.039774,0.040132,0.040553,0.040989,0.04144,0.041904,0.042382,0.042872,0.043375,0.043889,0.044415,0.044952,0.045589,0.046245,0.046911,0.047587,0.048272,0.048965,0.049667,0.050436,0.051265,0.052101,0.052943,0.053791,0.054644,0.055573,0.056558,0.057545,0.058535,0.059528,0.06059,0.061715,0.062839,0.063963,0.065098,0.066354,0.067606,0.068856,0.070114,0.071493,0.072866,0.074233,0.075654,0.077146,0.078628,0.080111,0.081716,0.083308,0.084889,0.086589,0.088284,0.089965,0.09177,0.09356,0.09536,0.097256,0.099133,0.10107,0.10304,0.105,0.10707,0.10912,0.11122,0.11335,0.11549,0.11771,0.1199,0.12219,0.12446,0.12679,0.12913,0.13151,0.1339,0.13633,0.13878,0.14126,0.14375,0.14626,0.14879,0.15133,0.15389,0.15645,0.15901,0.16157,0.16411,0.16666,0.16916
93.1,0.037048,0.03713,0.037235,0.037363,0.037513,0.037683,0.037873,0.038082,0.038309,0.038552,0.038813,0.039089,0.03938,0.039687,0.04001,0.040415,0.040836,0.041272,0.041722,0.042187,0.042664,0.043155,0.043657,0.044172,0.044698,0.045277,0.045923,0.046579,0.047245,0.04792,0.048605,0.049298,0.05,0.050822,0.051651,0.052487,0.053329,0.054176,0.055034,0.056014,0.056998,0.057985,0.058974,0.059967,0.061087,0.06221,0.063335,0.064458,0.065651,0.066907,0.068159,0.069408,0.070726,0.072105,0.073477,0.074843,0.076326,0.077817,0.079298,0.080845,0.082448,0.084039,0.085675,0.087383,0.089077,0.090821,0.092626,0.094415,0.096282,0.098176,0.10005,0.10205,0.10403,0.10605,0.10812,0.11017,0.11234,0.11447,0.11668,0.11889,0.12115,0.12344,0.12574,0.12811,0.13046,0.13289,0.13529,0.13778,0.14023,0.14276,0.14527,0.14783,0.15037,0.15297,0.15553,0.15814,0.16072,0.16332,0.16589,0.16846,0.17099
93,0.037283,0.037365,0.037469,0.037597,0.037747,0.037918,0.038108,0.038316,0.038543,0.038786,0.039047,0.039323,0.039614,0.039921,0.040293,0.040698,0.041119,0.041555,0.042005,0.042469,0.042947,0.043437,0.04394,0.044455,0.044981,0.045611,0.046256,0.046912,0.047578,0.048253,0.048938,0.049631,0.050386,0.051208,0.052037,0.052872,0.053714,0.054562,0.055474,0.056454,0.057438,0.058424,0.059414,0.06046,0.061583,0.062706,0.06383,0.064953,0.066205,0.06746,0.068711,0.06996,0.071339,0.072716,0.074087,0.0755,0.076998,0.078487,0.079968,0.081579,0.08318,0.08477,0.086471,0.088177,0.089869,0.09168,0.093483,0.095292,0.097204,0.099096,0.10104,0.10304,0.10501,0.1071,0.10917,0.11129,0.11345,0.11562,0.11786,0.12008,0.1224,0.12469,0.12706,0.12942,0.13185,0.13427,0.13674,0.13922,0.14175,0.14427,0.14684,0.14941,0.15201,0.1546,0.15723,0.15983,0.16247,0.16507,0.1677,0.17027,0.17286
92.9,0.037518,0.037599,0.037704,0.037832,0.037982,0.038152,0.038342,0.038551,0.038777,0.039021,0.039281,0.039557,0.039848,0.040188,0.040577,0.040982,0.041402,0.041838,0.042288,0.042752,0.04323,0.04372,0.044223,0.044737,0.045311,0.045945,0.04659,0.047245,0.047911,0.048586,0.049271,0.049965,0.050773,0.051594,0.052423,0.053258,0.0541,0.054947,0.055915,0.056894,0.057878,0.058864,0.059854,0.060956,0.062079,0.063202,0.064325,0.065502,0.066759,0.068013,0.069264,0.070569,0.071951,0.073328,0.074698,0.076173,0.07767,0.079158,0.0807,0.082312,0.083912,0.085547,0.087266,0.088971,0.090719,0.092538,0.09434,0.096216,0.098126,0.10002,0.10203,0.10402,0.10607,0.10815,0.11023,0.11241,0.11457,0.11681,0.11904,0.12133,0.12365,0.12599,0.12838,0.13078,0.13323,0.13568,0.1382,0.1407,0.14326,0.14582,0.14842,0.15102,0.15365,0.15629,0.15893,0.16159,0.16423,0.16689,0.16951,0.17214,0.17472
92.8,0.037753,0.037834,0.037939,0.038067,0.038216,0.038387,0.038576,0.038785,0.039011,0.039255,0.039515,0.039791,0.0401,0.040472,0.04086,0.041265,0.041686,0.042121,0.042571,0.043035,0.043512,0.044003,0.044505,0.045024,0.045645,0.046279,0.046923,0.047579,0.048244,0.04892,0.049604,0.050346,0.051159,0.05198,0.052809,0.053644,0.054485,0.055381,0.056356,0.057335,0.058318,0.059304,0.060332,0.061453,0.062575,0.063698,0.064821,0.066057,0.067313,0.068566,0.069816,0.071183,0.072564,0.073939,0.075341,0.076846,0.078342,0.079829,0.081435,0.083046,0.084644,0.086344,0.088062,0.089766,0.09158,0.093397,0.095213,0.097141,0.099049,0.10101,0.10302,0.10501,0.10712,0.10921,0.11136,0.11353,0.11573,0.11799,0.12024,0.12259,0.1249,0.12731,0.1297,0.13217,0.13461,0.13714,0.13965,0.14222,0.14478,0.14741,0.15,0.15267,0.15531,0.158,0.16066,0.16335,0.16603,0.16871,0.17138,0.17402,0.17665
92.7,0.037988,0.038069,0.038174,0.038301,0.038451,0.038621,0.038811,0.039019,0.039245,0.039489,0.039749,0.04003,0.040384,0.040756,0.041144,0.041548,0.041969,0.042404,0.042854,0.043318,0.043795,0.044285,0.044788,0.045358,0.045979,0.046612,0.047257,0.047912,0.048578,0.049253,0.049937,0.050732,0.051545,0.052366,0.053194,0.054029,0.054871,0.055822,0.056796,0.057775,0.058758,0.059743,0.060829,0.06195,0.063071,0.064193,0.065354,0.066612,0.067867,0.069119,0.070411,0.071796,0.073176,0.074551,0.076016,0.077519,0.079014,0.080549,0.08217,0.083779,0.085411,0.087142,0.088858,0.090608,0.092441,0.094256,0.096141,0.098066,0.099971,0.102,0.10401,0.10607,0.10818,0.11028,0.11248,0.11465,0.11692,0.11918,0.1215,0.12384,0.12622,0.12864,0.13108,0.13356,0.13606,0.1386,0.14116,0.14375,0.14636,0.14899,0.15166,0.15432,0.15702,0.15971,0.16244,0.16513,0.16786,0.17055,0.17326,0.17593,0.17859
92.6,0.038222,0.038304,0.038408,0.038536,0.038686,0.038856,0.039045,0.039254,0.03948,0.039723,0.039983,0.040315,0.040668,0.041039,0.041427,0.041832,0.042252,0.042687,0.043137,0.0436,0.044078,0.044568,0.045083,0.045692,0.046313,0.046946,0.04759,0.048245,0.048911,0.049586,0.050314,0.051119,0.051932,0.052752,0.05358,0.054415,0.055294,0.056263,0.057237,0.058215,0.059197,0.060208,0.061326,0.062446,0.063567,0.064689,0.06591,0.067166,0.06842,0.069672,0.071025,0.07241,0.073789,0.07518,0.076691,0.078193,0.079686,0.081286,0.082905,0.084513,0.086211,0.08794,0.089654,0.091472,0.093302,0.095124,0.097068,0.098991,0.10096,0.10299,0.105,0.10713,0.10923,0.11141,0.1136,0.11583,0.11811,0.12039,0.12276,0.12511,0.12755,0.12996,0.13247,0.13495,0.13752,0.14006,0.14268,0.14528,0.14795,0.15061,0.15331,0.15601,0.15874,0.16148,0.16421,0.16697,0.1697,0.17245,0.17516,0.17788,0.18055
92.5,0.038457,0.038539,0.038643,0.038771,0.03892,0.03909,0.03928,0.039488,0.039714,0.039957,0.040264,0.040599,0.040952,0.041323,0.041711,0.042115,0.042535,0.04297,0.04342,0.043883,0.04436,0.04485,0.045418,0.046026,0.046647,0.04728,0.047924,0.048579,0.049244,0.049919,0.050701,0.051506,0.052318,0.053138,0.053966,0.054801,0.055735,0.056704,0.057678,0.058656,0.059637,0.060706,0.061824,0.062943,0.064064,0.065207,0.066465,0.067721,0.068974,0.070251,0.07164,0.073023,0.074401,0.075856,0.077365,0.078866,0.080394,0.082023,0.08364,0.085269,0.087011,0.088738,0.09049,0.092335,0.094163,0.096055,0.097995,0.099915,0.10196,0.10398,0.10606,0.10819,0.11031,0.11253,0.11473,0.11702,0.11931,0.12166,0.12402,0.12644,0.12888,0.13136,0.13387,0.13641,0.13898,0.14159,0.14421,0.14688,0.14955,0.15227,0.15497,0.15774,0.16048,0.16327,0.16603,0.16881,0.17159,0.17435,0.17712,0.17983,0.18256
92.4,0.038692,0.038773,0.038878,0.039005,0.039155,0.039325,0.039514,0.039722,0.039948,0.040233,0.040549,0.040883,0.041236,0.041607,0.041995,0.042399,0.042818,0.043253,0.043703,0.044166,0.044643,0.045158,0.045752,0.04636,0.046981,0.047613,0.048257,0.048912,0.049577,0.050293,0.051088,0.051892,0.052704,0.053524,0.054352,0.055214,0.056177,0.057145,0.058118,0.059096,0.060088,0.061204,0.062321,0.06344,0.06456,0.065764,0.067021,0.068275,0.069528,0.070867,0.072255,0.073637,0.075015,0.076532,0.07804,0.079539,0.081132,0.08276,0.084375,0.086071,0.087811,0.089535,0.091356,0.093199,0.095026,0.096985,0.098923,0.10091,0.10295,0.10498,0.10712,0.10925,0.11144,0.11366,0.11591,0.11822,0.12053,0.12292,0.1253,0.12777,0.13022,0.13276,0.13528,0.13788,0.14047,0.14313,0.14578,0.14849,0.1512,0.15394,0.15671,0.15947,0.16228,0.16505,0.16789,0.17069,0.1735,0.1763,0.17908,0.18185,0.18457
92.3,0.038927,0.039008,0.039113,0.03924,0.039389,0.039559,0.039748,0.039956,0.040222,0.040518,0.040833,0.041168,0.041521,0.041891,0.042278,0.042682,0.043101,0.043536,0.043985,0.044449,0.044926,0.045493,0.046087,0.046695,0.047315,0.047947,0.048591,0.049245,0.049911,0.050681,0.051475,0.052279,0.053091,0.05391,0.054738,0.055656,0.056618,0.057586,0.058559,0.059536,0.060587,0.061702,0.062818,0.063937,0.065063,0.06632,0.067576,0.06883,0.070091,0.071483,0.072869,0.07425,0.075693,0.077208,0.078714,0.080234,0.081871,0.083497,0.085121,0.086873,0.088611,0.090363,0.092222,0.094062,0.09596,0.097915,0.09985,0.10191,0.10395,0.10604,0.10819,0.11033,0.11257,0.11479,0.11711,0.11942,0.1218,0.12419,0.12664,0.12911,0.13163,0.13416,0.13675,0.13935,0.14201,0.14466,0.14739,0.15009,0.15287,0.15563,0.15844,0.16125,0.16408,0.16692,0.16974,0.17261,0.17543,0.17828,0.18109,0.18388,0.18665
92.2,0.039161,0.039243,0.039347,0.039475,0.039624,0.039794,0.039983,0.040232,0.040507,0.040803,0.041118,0.041452,0.041805,0.042175,0.042562,0.042965,0.043385,0.043819,0.044268,0.044732,0.045247,0.045827,0.046422,0.047029,0.047649,0.048281,0.048924,0.049579,0.050284,0.051068,0.051862,0.052665,0.053477,0.054297,0.055142,0.056098,0.05706,0.058028,0.059,0.059977,0.061085,0.0622,0.063316,0.064433,0.06562,0.066877,0.068132,0.069385,0.070708,0.072099,0.073484,0.074864,0.076371,0.077884,0.079389,0.080974,0.08261,0.084233,0.085925,0.087675,0.08941,0.091232,0.093088,0.094926,0.096893,0.098846,0.10084,0.1029,0.10494,0.10711,0.10925,0.11147,0.11371,0.11598,0.11831,0.12065,0.12307,0.12548,0.12798,0.13047,0.13304,0.1356,0.13823,0.14087,0.14356,0.14626,0.149,0.15178,0.15455,0.15738,0.16019,0.16306,0.16591,0.16879,0.17167,0.17453,0.17742,0.18026,0.18313,0.18594,0.18874
92.1,0.039396,0.039478,0.039582,0.03971,0.039858,0.040034,0.040265,0.040518,0.040793,0.041088,0.041403,0.041736,0.042089,0.042459,0.042845,0.043249,0.043668,0.044102,0.044551,0.045017,0.045582,0.046162,0.046756,0.047363,0.047983,0.048615,0.049258,0.049912,0.050672,0.051456,0.052249,0.053052,0.053863,0.054683,0.055585,0.05654,0.057502,0.058469,0.05944,0.060473,0.061584,0.062698,0.063813,0.06493,0.066178,0.067433,0.068687,0.069939,0.071326,0.072715,0.074099,0.075529,0.077049,0.07856,0.08007,0.081715,0.083348,0.08497,0.08673,0.088477,0.090229,0.0921,0.093954,0.095856,0.097827,0.099776,0.10184,0.1039,0.10601,0.10817,0.11034,0.1126,0.11484,0.11719,0.11951,0.12193,0.12434,0.12683,0.12932,0.13188,0.13444,0.13708,0.13971,0.14242,0.14511,0.14788,0.15064,0.15346,0.15628,0.15913,0.16201,0.16487,0.16779,0.17068,0.1736,0.17652,0.17941,0.18232,0.18518,0.18805,0.19086
92,0.039631,0.039713,0.039817,0.039944,0.040114,0.04032,0.040551,0.040804,0.041078,0.041373,0.041687,0.042021,0.042373,0.042742,0.043129,0.043532,0.043951,0.044385,0.044834,0.045353,0.045918,0.046497,0.047091,0.047697,0.048317,0.048948,0.049591,0.050286,0.051059,0.051843,0.052636,0.053439,0.05425,0.055079,0.056027,0.056982,0.057943,0.05891,0.059881,0.060973,0.062083,0.063196,0.064311,0.06548,0.066735,0.06799,0.069242,0.070551,0.071943,0.07333,0.074713,0.076208,0.077726,0.079236,0.080813,0.082456,0.084087,0.085774,0.087534,0.089279,0.091101,0.092969,0.09482,0.096793,0.09876,0.10076,0.10284,0.1049,0.10708,0.10924,0.11148,0.11374,0.11604,0.11839,0.12076,0.1232,0.12565,0.12817,0.1307,0.1333,0.1359,0.13857,0.14125,0.14397,0.14673,0.1495,0.15234,0.15515,0.15804,0.16092,0.16383,0.16675,0.16967,0.17263,0.17556,0.17852,0.18146,0.18438,0.1873,0.19016,0.19303
91.9,0.039866,0.039947,0.040063,0.040219,0.0404,0.040607,0.040837,0.041089,0.041363,0.041658,0.041972,0.042305,0.042657,0.043026,0.043413,0.043816,0.044234,0.044668,0.045139,0.045688,0.046253,0.046832,0.047425,0.048032,0.048651,0.049282,0.049925,0.050674,0.051447,0.052231,0.053023,0.053825,0.054636,0.055522,0.05647,0.057425,0.058385,0.059351,0.060366,0.061472,0.062582,0.063694,0.064808,0.066039,0.067293,0.068546,0.069798,0.071169,0.07256,0.073946,0.075363,0.076888,0.078404,0.079912,0.081556,0.083196,0.084826,0.086581,0.088338,0.090089,0.091972,0.093838,0.095744,0.097729,0.099693,0.10177,0.10385,0.10597,0.10815,0.11033,0.11262,0.11487,0.11725,0.1196,0.12204,0.12448,0.127,0.12952,0.13212,0.13471,0.1374,0.14005,0.14281,0.14555,0.14836,0.15118,0.15403,0.15692,0.1598,0.16275,0.16568,0.16865,0.17162,0.17458,0.17758,0.18055,0.18353,0.18649,0.18942,0.19235,0.19521
91.8,0.040123,0.040223,0.04035,0.040505,0.040687,0.040893,0.041123,0.041375,0.041648,0.041943,0.042257,0.04259,0.042941,0.04331,0.043696,0.044099,0.044517,0.044951,0.045475,0.046024,0.046588,0.047167,0.04776,0.048366,0.048985,0.049616,0.050301,0.051063,0.051835,0.052618,0.05341,0.054212,0.055026,0.055966,0.056913,0.057867,0.058827,0.059792,0.060866,0.061972,0.063081,0.064192,0.065344,0.066597,0.06785,0.069102,0.070395,0.071788,0.073177,0.074562,0.076045,0.077567,0.079082,0.080648,0.082298,0.083937,0.085618,0.087388,0.089143,0.090963,0.092844,0.094706,0.096684,0.098666,0.10068,0.10278,0.10485,0.10704,0.10922,0.11148,0.11376,0.11608,0.11846,0.12086,0.12333,0.12581,0.12836,0.13092,0.13354,0.1362,0.13889,0.14162,0.14437,0.14719,0.14999,0.15288,0.15576,0.15869,0.16163,0.16458,0.16758,0.17056,0.17358,0.1766,0.1796,0.18263,0.18563,0.18863,0.1916,0.19454,0.19746
91.7,0.04041,0.04051,0.040637,0.040792,0.040973,0.041179,0.041408,0.04166,0.041934,0.042227,0.042541,0.042874,0.043225,0.043594,0.04398,0.044382,0.044801,0.045278,0.045811,0.046359,0.046923,0.047502,0.048094,0.0487,0.049319,0.049949,0.05069,0.051451,0.052223,0.053005,0.053797,0.054599,0.05547,0.056409,0.057356,0.058309,0.059268,0.060265,0.061367,0.062472,0.063579,0.06469,0.065903,0.067156,0.068408,0.069659,0.071015,0.072407,0.073795,0.075198,0.076726,0.078246,0.079759,0.081393,0.083041,0.084677,0.086428,0.088195,0.089947,0.091838,0.093715,0.095625,0.097624,0.099603,0.10169,0.10378,0.10592,0.10812,0.11032,0.11262,0.1149,0.1173,0.11967,0.12215,0.12461,0.12717,0.12971,0.13235,0.13497,0.13769,0.1404,0.14319,0.14598,0.14883,0.1517,0.15459,0.15754,0.16048,0.16348,0.16648,0.16949,0.17254,0.17557,0.17863,0.18169,0.18472,0.18778,0.1908,0.19381,0.19679,0.19971
91.6,0.040698,0.040797,0.040924,0.041079,0.04126,0.041465,0.041694,0.041946,0.042219,0.042512,0.042826,0.043158,0.043509,0.043878,0.044263,0.044666,0.0451,0.045615,0.046147,0.046695,0.047258,0.047836,0.048429,0.049034,0.049653,0.05033,0.051079,0.051839,0.052611,0.053393,0.054184,0.054985,0.055914,0.056853,0.057799,0.058751,0.05971,0.060766,0.061867,0.062971,0.064078,0.065212,0.066463,0.067714,0.068965,0.070241,0.071635,0.073025,0.074412,0.075881,0.077407,0.078926,0.080482,0.082138,0.083784,0.085459,0.087237,0.089002,0.09082,0.092713,0.094587,0.096569,0.098565,0.10058,0.1027,0.10479,0.107,0.10919,0.11147,0.11377,0.11612,0.11852,0.12094,0.12344,0.12595,0.12852,0.13113,0.13378,0.13647,0.13919,0.14198,0.14476,0.14763,0.15049,0.15342,0.15636,0.15932,0.16233,0.16533,0.1684,0.17145,0.17452,0.17762,0.18069,0.18379,0.18688,0.18993,0.19302,0.19605,0.19905,0.20203
91.5,0.040985,0.041085,0.041211,0.041366,0.041546,0.041752,0.04198,0.042231,0.042504,0.042797,0.043111,0.043443,0.043793,0.044162,0.044547,0.044949,0.045437,0.045951,0.046483,0.047031,0.047594,0.048171,0.048763,0.049368,0.049986,0.05072,0.051468,0.052228,0.052999,0.05378,0.054571,0.055428,0.056358,0.057296,0.058241,0.059193,0.060172,0.061268,0.062368,0.063471,0.064577,0.065773,0.067023,0.068273,0.069523,0.070862,0.072255,0.073644,0.075032,0.076564,0.078088,0.079605,0.081229,0.082883,0.084526,0.086271,0.088047,0.089809,0.091698,0.093587,0.095499,0.097512,0.099505,0.1016,0.10371,0.10585,0.10808,0.11029,0.11262,0.11492,0.11734,0.11973,0.12224,0.12472,0.12731,0.12988,0.13256,0.13522,0.13798,0.14074,0.14356,0.1464,0.14928,0.15221,0.15514,0.15815,0.16116,0.16419,0.16727,0.17033,0.17345,0.17656,0.17967,0.18281,0.18593,0.18905,0.19217,0.19525,0.19833,0.20137,0.20437
91.4,0.041272,0.041372,0.041499,0.041653,0.041833,0.042038,0.042266,0.042517,0.042789,0.043082,0.043395,0.043727,0.044077,0.044445,0.044831,0.045277,0.045773,0.046288,0.046819,0.047366,0.047929,0.048506,0.049098,0.049703,0.050374,0.051109,0.051857,0.052616,0.053387,0.054168,0.054958,0.055873,0.056802,0.05774,0.058684,0.059636,0.060675,0.061769,0.062868,0.06397,0.065086,0.066334,0.067583,0.068831,0.07009,0.071484,0.072875,0.074262,0.075717,0.077247,0.078769,0.080314,0.081977,0.083628,0.085295,0.087083,0.088856,0.090672,0.092576,0.094462,0.096446,0.098456,0.10048,0.10261,0.10472,0.10694,0.10916,0.11145,0.11377,0.11614,0.11856,0.12102,0.12353,0.12608,0.12868,0.13132,0.134,0.13674,0.13949,0.14232,0.14514,0.14806,0.15098,0.15394,0.15694,0.15994,0.16302,0.1661,0.1692,0.17233,0.17546,0.17862,0.18179,0.18493,0.18812,0.19127,0.19441,0.19755,0.20064,0.20372,0.20676
91.3,0.04156,0.041659,0.041786,0.041939,0.042119,0.042324,0.042552,0.042803,0.043075,0.043367,0.04368,0.044011,0.044361,0.044729,0.045136,0.045614,0.04611,0.046624,0.047155,0.047702,0.048264,0.048841,0.049432,0.050043,0.050764,0.051499,0.052246,0.053005,0.053774,0.054555,0.055398,0.056318,0.057246,0.058183,0.059127,0.060089,0.061177,0.062271,0.063369,0.06447,0.065648,0.066895,0.068142,0.06939,0.070713,0.072106,0.073495,0.074881,0.076402,0.07793,0.079451,0.081064,0.082724,0.084373,0.086111,0.087895,0.089666,0.091553,0.093454,0.095366,0.097394,0.0994,0.1015,0.10363,0.10578,0.10802,0.11025,0.1126,0.11492,0.11737,0.11978,0.12232,0.12483,0.12745,0.13005,0.13277,0.13547,0.13826,0.14106,0.14391,0.14681,0.14972,0.15271,0.1557,0.15875,0.16182,0.16489,0.16804,0.17118,0.17434,0.17754,0.18072,0.18393,0.18714,0.19032,0.19353,0.19671,0.19986,0.20301,0.20611,0.20917
91.2,0.041847,0.041946,0.042073,0.042226,0.042406,0.04261,0.042838,0.043088,0.04336,0.043652,0.043964,0.044296,0.044646,0.045016,0.045474,0.045951,0.046447,0.046961,0.047491,0.048037,0.048599,0.049176,0.049767,0.050434,0.051154,0.051888,0.052635,0.053393,0.054162,0.054942,0.055843,0.056763,0.057691,0.058626,0.05957,0.060592,0.06168,0.062772,0.063869,0.06497,0.06621,0.067456,0.068702,0.069949,0.071336,0.072727,0.074115,0.075555,0.077088,0.078613,0.080146,0.081814,0.083471,0.08513,0.086926,0.088708,0.09052,0.092435,0.094332,0.096318,0.098342,0.10037,0.10252,0.10464,0.10687,0.10911,0.11142,0.11376,0.11615,0.1186,0.12108,0.12362,0.1262,0.12883,0.1315,0.13421,0.13699,0.13977,0.14266,0.14553,0.14848,0.15145,0.15445,0.15752,0.16058,0.1637,0.16685,0.16999,0.1732,0.17641,0.17962,0.18287,0.18611,0.18935,0.1926,0.19582,0.19904,0.20225,0.2054,0.20855,0.21164
91.1,0.042134,0.042234,0.04236,0.042513,0.042692,0.042896,0.043124,0.043374,0.043645,0.043937,0.044249,0.04458,0.04493,0.045354,0.045812,0.046289,0.046784,0.047297,0.047827,0.048373,0.048934,0.049511,0.050118,0.050824,0.051544,0.052278,0.053023,0.053781,0.05455,0.05538,0.056289,0.057208,0.058135,0.05907,0.060014,0.061096,0.062182,0.063274,0.06437,0.06553,0.066773,0.068017,0.069262,0.070568,0.07196,0.073349,0.074735,0.076242,0.077773,0.079296,0.080898,0.082563,0.084219,0.085948,0.087741,0.08952,0.091405,0.093316,0.095228,0.09727,0.099289,0.1014,0.10354,0.10571,0.10797,0.11021,0.11258,0.11492,0.11739,0.11983,0.12239,0.12492,0.12758,0.13021,0.13296,0.1357,0.13852,0.14137,0.14425,0.14721,0.15015,0.1532,0.15625,0.15933,0.16247,0.16561,0.16881,0.17203,0.17524,0.17851,0.18177,0.18503,0.18833,0.19162,0.19488,0.19817,0.20142,0.20464,0.20786,0.21102,0.21414
91,0.042422,0.042521,0.042647,0.0428,0.042979,0.043183,0.04341,0.043659,0.04393,0.044222,0.044534,0.044865,0.045255,0.045692,0.04615,0.046626,0.047121,0.047634,0.048163,0.048709,0.04927,0.049846,0.05051,0.051215,0.051934,0.052667,0.053412,0.05417,0.054938,0.055827,0.056735,0.057653,0.058579,0.059513,0.060519,0.061599,0.062685,0.063775,0.06487,0.066093,0.067335,0.068578,0.069822,0.071193,0.072583,0.073971,0.075395,0.07693,0.078458,0.079979,0.08165,0.083313,0.084966,0.086766,0.088556,0.090364,0.092289,0.094197,0.096184,0.098221,0.10026,0.10242,0.10456,0.1068,0.10906,0.11138,0.11374,0.11615,0.11862,0.12113,0.1237,0.1263,0.12896,0.13168,0.13441,0.13724,0.14005,0.14298,0.1459,0.14889,0.15192,0.15495,0.15808,0.16121,0.16437,0.16759,0.1708,0.17406,0.17735,0.18063,0.18395,0.18727,0.19058,0.19391,0.19724,0.20053,0.20383,0.20711,0.21033,0.21354,0.2167
90.9,0.042709,0.042808,0.042934,0.043087,0.043265,0.043469,0.043696,0.043945,0.044216,0.044507,0.044818,0.045178,0.045594,0.046031,0.046488,0.046964,0.047458,0.04797,0.048499,0.049044,0.049605,0.050211,0.050901,0.051606,0.052324,0.053056,0.053801,0.054558,0.055376,0.056273,0.057181,0.058097,0.059023,0.059957,0.061024,0.062103,0.063187,0.064277,0.065419,0.066657,0.067897,0.069139,0.070427,0.071818,0.073206,0.074593,0.076085,0.077617,0.079143,0.080732,0.082403,0.084063,0.085784,0.087585,0.089372,0.091252,0.093174,0.095086,0.09714,0.099173,0.10128,0.10344,0.10562,0.1079,0.11016,0.11255,0.11491,0.1174,0.11986,0.12245,0.125,0.12769,0.13036,0.13314,0.13592,0.13877,0.14167,0.14458,0.14759,0.1506,0.15368,0.15679,0.15991,0.16312,0.16633,0.16956,0.17286,0.17615,0.17947,0.18282,0.18617,0.18952,0.1929,0.19626,0.19961,0.20297,0.20629,0.20959,0.21287,0.2161,0.21929
90.8,0.042997,0.043095,0.043221,0.043373,0.043552,0.043755,0.043982,0.044231,0.044501,0.044792,0.045123,0.045517,0.045933,0.046369,0.046825,0.047301,0.047795,0.048306,0.048835,0.04938,0.04994,0.050603,0.051292,0.051996,0.052714,0.053446,0.05419,0.054946,0.055823,0.05672,0.057626,0.058542,0.059467,0.060457,0.061528,0.062606,0.06369,0.064778,0.065984,0.067221,0.06846,0.0697,0.071054,0.072443,0.07383,0.075238,0.076774,0.078304,0.079828,0.081487,0.083155,0.084813,0.086605,0.088403,0.090205,0.092141,0.094059,0.096046,0.098096,0.10014,0.10231,0.10447,0.10672,0.10899,0.11133,0.11372,0.11615,0.11864,0.12117,0.12376,0.1264,0.12908,0.13184,0.1346,0.13747,0.14033,0.14329,0.14626,0.14928,0.15237,0.15546,0.15863,0.16183,0.16503,0.16832,0.17161,0.17491,0.17828,0.18165,0.18501,0.18843,0.19184,0.19523,0.19865,0.20205,0.20542,0.2088,0.21214,0.21544,0.21871,0.22194
90.7,0.043284,0.043383,0.043508,0.04366,0.043838,0.044041,0.044267,0.044516,0.044786,0.045092,0.045463,0.045856,0.046272,0.046707,0.047163,0.047638,0.048132,0.048643,0.049171,0.049715,0.050322,0.050995,0.051684,0.052387,0.053104,0.053835,0.054579,0.055386,0.056271,0.057166,0.058072,0.058987,0.059911,0.060962,0.062033,0.06311,0.064192,0.065316,0.066549,0.067784,0.069022,0.070293,0.071681,0.073068,0.074453,0.07593,0.077464,0.078992,0.080568,0.082242,0.083907,0.085619,0.087427,0.089221,0.091097,0.093029,0.094944,0.097006,0.099052,0.10117,0.10334,0.10553,0.10782,0.1101,0.11251,0.11488,0.1174,0.11988,0.12249,0.12508,0.1278,0.1305,0.13331,0.13613,0.13901,0.14196,0.1449,0.14796,0.15103,0.15414,0.15732,0.1605,0.16375,0.16704,0.17033,0.17368,0.17706,0.18044,0.18386,0.1873,0.19073,0.19418,0.19764,0.20108,0.20451,0.20795,0.21135,0.21471,0.21807,0.22137,0.22461
90.6,0.043571,0.04367,0.043795,0.043947,0.044125,0.044327,0.044553,0.044802,0.045085,0.045432,0.045803,0.046196,0.04661,0.047046,0.047501,0.047976,0.048469,0.048979,0.049507,0.05006,0.050715,0.051387,0.052075,0.052778,0.053494,0.054225,0.054968,0.055835,0.056718,0.057613,0.058518,0.059432,0.060406,0.061468,0.062537,0.063613,0.064695,0.065883,0.067114,0.068348,0.069584,0.070921,0.072308,0.073693,0.075085,0.076622,0.078153,0.079679,0.081326,0.082998,0.08466,0.086444,0.088248,0.090043,0.091989,0.093918,0.095903,0.097966,0.10001,0.1022,0.10437,0.10664,0.10892,0.11128,0.11368,0.11613,0.11865,0.1212,0.12382,0.12649,0.1292,0.13199,0.13478,0.13769,0.14059,0.14359,0.14661,0.14967,0.15281,0.15597,0.15917,0.16244,0.16571,0.16904,0.17241,0.17579,0.17921,0.18267,0.18612,0.18959,0.19309,0.19658,0.20006,0.20357,0.20705,0.2105,0.21395,0.21737,0.22073,0.22407,0.22736
90.5,0.043859,0.043957,0.044082,0.044234,0.044411,0.044614,0.044839,0.045104,0.045426,0.045773,0.046143,0.046535,0.046949,0.047384,0.047839,0.048313,0.048806,0.049316,0.049843,0.050453,0.051108,0.051779,0.052466,0.053168,0.053884,0.054614,0.055412,0.056283,0.057166,0.058059,0.058963,0.059877,0.060913,0.061974,0.063042,0.064117,0.065223,0.066449,0.067679,0.068912,0.070165,0.07155,0.072935,0.074318,0.075779,0.077314,0.078843,0.080405,0.082084,0.083753,0.085454,0.087268,0.08907,0.09094,0.092882,0.094806,0.096868,0.098926,0.10105,0.10323,0.10543,0.10774,0.11003,0.11246,0.11486,0.11739,0.11989,0.12253,0.12515,0.1279,0.13064,0.13347,0.13633,0.13924,0.14223,0.14523,0.14833,0.15145,0.1546,0.15784,0.16108,0.16438,0.16773,0.1711,0.1745,0.17796,0.18142,0.18489,0.18843,0.19195,0.19547,0.19902,0.20257,0.20609,0.2096,0.21312,0.2166,0.22003,0.22346,0.22683,0.23013
90.4,0.044146,0.044244,0.044369,0.044521,0.044698,0.0449,0.04515,0.045446,0.045767,0.046113,0.046483,0.046875,0.047288,0.047723,0.048177,0.04865,0.049142,0.049652,0.05021,0.050846,0.0515,0.052171,0.052857,0.053559,0.054274,0.055004,0.055861,0.056731,0.057613,0.058506,0.059409,0.060368,0.06142,0.06248,0.063547,0.06462,0.065791,0.067016,0.068245,0.069476,0.070795,0.072179,0.073562,0.074944,0.076474,0.078005,0.079532,0.081166,0.082841,0.084508,0.086282,0.088093,0.089891,0.091836,0.093774,0.095758,0.097833,0.099886,0.10208,0.10427,0.10654,0.10885,0.11122,0.11364,0.11611,0.11865,0.12123,0.12387,0.12657,0.1293,0.13213,0.13495,0.1379,0.14085,0.14388,0.14696,0.15004,0.15325,0.15646,0.15971,0.16304,0.16639,0.16976,0.17321,0.17667,0.18014,0.18367,0.18722,0.19077,0.19434,0.19793,0.20151,0.20508,0.20867,0.21224,0.21577,0.21929,0.22279,0.22623,0.22962,0.23298
90.3,0.044433,0.044531,0.044656,0.044807,0.044984,0.045223,0.045492,0.045787,0.046108,0.046454,0.046823,0.047214,0.047627,0.048061,0.048515,0.048988,0.049479,0.049989,0.050604,0.05124,0.051893,0.052563,0.053249,0.053949,0.054664,0.055454,0.05631,0.057179,0.05806,0.058952,0.059855,0.060876,0.061927,0.062985,0.064051,0.06514,0.066359,0.067583,0.06881,0.070044,0.071426,0.072808,0.074189,0.075634,0.077168,0.078697,0.080246,0.081927,0.083599,0.085289,0.08711,0.088918,0.090781,0.092732,0.094666,0.096727,0.098798,0.10092,0.10312,0.10533,0.10766,0.10996,0.1124,0.11482,0.11737,0.1199,0.12257,0.12521,0.12798,0.13076,0.13362,0.13652,0.13947,0.1425,0.14555,0.14868,0.15186,0.15505,0.15835,0.16166,0.165,0.16843,0.17187,0.17533,0.17886,0.18241,0.18597,0.18955,0.19317,0.19679,0.20041,0.20405,0.20769,0.2113,0.21489,0.21849,0.22205,0.22556,0.22905,0.23249,0.23586
90.2,0.044721,0.044819,0.044943,0.045113,0.045324,0.045565,0.045834,0.046129,0.046449,0.046794,0.047163,0.047553,0.047966,0.048399,0.048853,0.049325,0.049816,0.050382,0.050998,0.051633,0.052286,0.052955,0.05364,0.05434,0.055063,0.055905,0.05676,0.057628,0.058508,0.059399,0.060343,0.061384,0.062434,0.063491,0.064556,0.06571,0.066928,0.068149,0.069375,0.070677,0.072057,0.073437,0.074816,0.07633,0.077862,0.079389,0.081009,0.082688,0.084357,0.086121,0.087938,0.089743,0.091682,0.093629,0.09561,0.097697,0.099762,0.10196,0.10416,0.10644,0.10877,0.11115,0.11359,0.11608,0.11864,0.12124,0.12391,0.12664,0.1294,0.13226,0.13512,0.1381,0.1411,0.14416,0.14729,0.15043,0.15367,0.15695,0.16025,0.16364,0.16705,0.17049,0.174,0.17754,0.18109,0.18468,0.18832,0.19196,0.19561,0.19928,0.20297,0.20664,0.2103,0.21398,0.21763,0.22125,0.22483,0.22841,0.23193,0.23538,0.2388
90.1,0.04501,0.045127,0.045276,0.045456,0.045667,0.045908,0.046176,0.04647,0.04679,0.047135,0.047502,0.047893,0.048305,0.048738,0.04919,0.049663,0.05018,0.050776,0.051392,0.052026,0.052678,0.053347,0.054031,0.054731,0.055514,0.056355,0.057209,0.058076,0.058955,0.059845,0.060853,0.061892,0.062941,0.063997,0.065068,0.06628,0.067496,0.068716,0.06994,0.07131,0.072688,0.074066,0.075494,0.077027,0.078556,0.08009,0.081773,0.083448,0.085127,0.086953,0.088767,0.090623,0.092582,0.094525,0.096584,0.098666,0.10079,0.10301,0.10522,0.10756,0.10988,0.11234,0.11478,0.11735,0.1199,0.12259,0.12526,0.12806,0.13087,0.13376,0.13671,0.13968,0.14276,0.14586,0.14903,0.15226,0.15551,0.15885,0.16223,0.16564,0.16911,0.17263,0.17618,0.17975,0.18339,0.18704,0.1907,0.19439,0.19812,0.20184,0.20555,0.20928,0.21301,0.21672,0.22039,0.22407,0.22771,0.2313,0.23484,0.23836,0.2418
90,0.045354,0.045471,0.045619,0.0458,0.04601,0.04625,0.046518,0.046812,0.047131,0.047475,0.047842,0.048232,0.048644,0.049076,0.049528,0.05,0.050575,0.051171,0.051786,0.05242,0.053071,0.053739,0.054422,0.05514,0.055965,0.056805,0.057658,0.058524,0.059402,0.060334,0.061362,0.0624,0.063447,0.064503,0.06564,0.06685,0.068064,0.069283,0.070568,0.071943,0.073319,0.074695,0.076193,0.077724,0.07925,0.080856,0.082537,0.084209,0.085962,0.087785,0.089595,0.091528,0.093483,0.095461,0.097559,0.099636,0.10184,0.10405,0.10634,0.10868,0.11107,0.11354,0.11604,0.11862,0.12125,0.12394,0.1267,0.12949,0.13238,0.13528,0.1383,0.14134,0.14443,0.14761,0.15081,0.15409,0.15743,0.16079,0.16422,0.16772,0.17123,0.17478,0.17841,0.18205,0.18571,0.18941,0.19315,0.1969,0.20065,0.20442,0.20821,0.21199,0.21574,0.2195,0.22324,0.22695,0.23061,0.23425,0.23785,0.24138,0.24484
