0,0,0.01,0.02,0.03,0.04,0.05,0.06,0.07,0.08,0.09,0.1,0.11,0.12,0.13,0.14,0.15,0.16,0.17,0.18,0.19,0.2,0.21,0.22,0.23,0.24,0.25,0.26,0.27,0.28,0.29,0.3,0.31,0.32,0.33,0.34,0.35,0.36,0.37,0.38,0.39,0.4,0.41,0.42,0.43,0.44,0.45,0.46,0.47,0.48,0.49,0.5,0.51,0.52,0.53,0.54,0.55,0.56,0.57,0.58,0.59,0.6,0.61,0.62,0.63,0.64,0.65,0.66,0.67,0.68,0.69,0.7,0.71,0.72,0.73,0.74,0.75,0.76,0.77,0.78,0.79,0.8,0.81,0.82,0.83,0.84,0.85,0.86,0.87,0.88,0.89,0.9,0.91,0.92,0.93,0.94,0.95,0.96,0.97,0.98,0.99,1
100,0,0.0097472,0.019494,0.029238,0.038982,0.048722,0.058461,0.068196,0.077929,0.087658,0.097383,0.1071,0.11682,0.12653,0.13624,0.14594,0.15564,0.16533,0.17502,0.1847,0.19437,0.20404,0.2137,0.22336,0.23301,0.24265,0.25228,0.26191,0.27151,0.2811,0.29068,0.30025,0.30981,0.31936,0.32891,0.33844,0.34796,0.35747,0.36697,0.37646,0.38593,0.39537,0.4048,0.41421,0.42361,0.433,0.44237,0.45174,0.46109,0.47042,0.47971,0.48898,0.49824,0.50748,0.51671,0.52592,0.53512,0.5443,0.55343,0.56254,0.57163,0.58071,0.58977,0.59882,0.60783,0.6168,0.62574,0.63468,0.64359,0.6525,0.66137,0.67018,0.67898,0.68776,0.69653,0.70528,0.71397,0.72263,0.73128,0.7399,0.74851,0.75709,0.7656,0.77411,0.78259,0.79106,0.79949,0.80787,0.81623,0.82457,0.8329,0.84117,0.8494,0.85762,0.86581,0.87399,0.88209,0.89017,0.89824,0.90629,0.91431
99.9,0,0.0097458,0.019491,0.029234,0.038976,0.048715,0.058452,0.068186,0.077917,0.087645,0.097368,0.10709,0.1168,0.12651,0.13622,0.14592,0.15562,0.16531,0.17499,0.18467,0.19434,0.20401,0.21367,0.22332,0.23297,0.24261,0.25224,0.26185,0.27145,0.28104,0.29062,0.30019,0.30975,0.3193,0.32884,0.33837,0.34789,0.35739,0.36689,0.37638,0.38583,0.39527,0.40469,0.4141,0.4235,0.43288,0.44226,0.45162,0.46096,0.47028,0.47956,0.48883,0.49808,0.50732,0.51654,0.52575,0.53495,0.5441,0.55322,0.56232,0.57141,0.58048,0.58954,0.59858,0.60757,0.61653,0.62547,0.6344,0.64331,0.6522,0.66104,0.66985,0.67864,0.68741,0.69617,0.7049,0.71357,0.72222,0.73086,0.73947,0.74808,0.75661,0.76512,0.77361,0.78209,0.79054,0.79893,0.8073,0.81564,0.82398,0.83228,0.84051,0.84873,0.85693,0.86512,0.87324,0.88133,0.8894,0.89745,0.90547,0.91345
99.8,0,0.0097444,0.019488,0.02923,0.03897,0.048708,0.058444,0.068176,0.077906,0.087632,0.097354,0.10707,0.11679,0.1265,0.1362,0.1459,0.15559,0.16528,0.17497,0.18464,0.19431,0.20398,0.21364,0.22329,0.23293,0.24257,0.2522,0.2618,0.2714,0.28098,0.29056,0.30012,0.30968,0.31923,0.32877,0.33829,0.34781,0.35732,0.36681,0.37629,0.38573,0.39517,0.40458,0.41399,0.42339,0.43277,0.44214,0.45149,0.46084,0.47013,0.47941,0.48867,0.49792,0.50715,0.51637,0.52558,0.53477,0.5439,0.55301,0.56211,0.57119,0.58026,0.58931,0.59833,0.6073,0.61625,0.62519,0.63411,0.64302,0.65189,0.66071,0.66951,0.67829,0.68706,0.69581,0.70451,0.71316,0.72181,0.73043,0.73905,0.74761,0.75613,0.76463,0.77311,0.78158,0.78999,0.79837,0.80672,0.81506,0.82338,0.83163,0.83986,0.84806,0.85625,0.8644,0.87249,0.88056,0.88862,0.89666,0.90463,0.91259
99.7,0,0.009743,0.019485,0.029226,0.038964,0.048701,0.058435,0.068166,0.077894,0.087618,0.097339,0.10706,0.11677,0.12648,0.13618,0.14588,0.15557,0.16526,0.17494,0.18461,0.19428,0.20395,0.2136,0.22325,0.23289,0.24253,0.25215,0.26175,0.27134,0.28092,0.2905,0.30006,0.30962,0.31916,0.3287,0.33822,0.34774,0.35724,0.36673,0.37619,0.38563,0.39506,0.40448,0.41388,0.42327,0.43265,0.44202,0.45137,0.4607,0.46998,0.47926,0.48852,0.49776,0.50699,0.51621,0.52541,0.53457,0.54369,0.5528,0.5619,0.57097,0.58004,0.58908,0.59807,0.60704,0.61598,0.62492,0.63383,0.64273,0.65157,0.66038,0.66917,0.67795,0.68671,0.69544,0.70411,0.71276,0.7214,0.73001,0.73861,0.74714,0.75565,0.76414,0.77261,0.78106,0.78944,0.7978,0.80615,0.81447,0.82275,0.83098,0.8392,0.84739,0.85557,0.86366,0.87174,0.8798,0.88785,0.89583,0.90379,0.91174
99.6,0,0.0097415,0.019482,0.029221,0.038959,0.048694,0.058426,0.068156,0.077882,0.087605,0.097324,0.10704,0.11675,0.12646,0.13616,0.14585,0.15555,0.16523,0.17491,0.18458,0.19425,0.20391,0.21357,0.22321,0.23286,0.24249,0.25209,0.26169,0.27128,0.28087,0.29044,0.3,0.30955,0.3191,0.32863,0.33815,0.34766,0.35716,0.36665,0.3761,0.38553,0.39496,0.40437,0.41377,0.42316,0.43254,0.4419,0.45125,0.46055,0.46984,0.47911,0.48836,0.4976,0.50683,0.51604,0.52523,0.53437,0.54349,0.55259,0.56168,0.57076,0.57981,0.58884,0.59781,0.60677,0.61571,0.62464,0.63355,0.64242,0.65124,0.66005,0.66884,0.67761,0.68636,0.69505,0.70371,0.71236,0.72098,0.72959,0.73815,0.74667,0.75517,0.76365,0.77211,0.78051,0.78888,0.79724,0.80557,0.81388,0.82212,0.83034,0.83854,0.84672,0.85484,0.86293,0.87099,0.87904,0.88705,0.895,0.90294,0.91088
99.5,0,0.0097401,0.019479,0.029217,0.038953,0.048686,0.058417,0.068146,0.077871,0.087592,0.09731,0.10702,0.11673,0.12644,0.13614,0.14583,0.15552,0.16521,0.17488,0.18456,0.19422,0.20388,0.21353,0.22318,0.23282,0.24244,0.25204,0.26164,0.27123,0.28081,0.29038,0.29994,0.30949,0.31903,0.32856,0.33808,0.34759,0.35709,0.36655,0.376,0.38543,0.39486,0.40427,0.41366,0.42305,0.43242,0.44178,0.45112,0.46041,0.46969,0.47895,0.4882,0.49744,0.50666,0.51587,0.52504,0.53417,0.54328,0.55238,0.56147,0.57054,0.57959,0.58859,0.59755,0.60651,0.61544,0.62436,0.63327,0.64211,0.65092,0.65972,0.6685,0.67726,0.68599,0.69466,0.70331,0.71195,0.72057,0.72916,0.73769,0.74619,0.75469,0.76316,0.77159,0.77997,0.78833,0.79667,0.805,0.81326,0.82148,0.82969,0.83788,0.84603,0.85412,0.86219,0.87025,0.87827,0.88623,0.89417,0.9021,0.91002
99.4,0,0.0097387,0.019476,0.029213,0.038947,0.048679,0.058409,0.068135,0.077859,0.087579,0.097295,0.10701,0.11671,0.12642,0.13612,0.14581,0.1555,0.16518,0.17486,0.18453,0.19419,0.20385,0.2135,0.22314,0.23278,0.24239,0.25199,0.26159,0.27117,0.28075,0.29032,0.29988,0.30942,0.31896,0.32849,0.33801,0.34751,0.357,0.36646,0.3759,0.38534,0.39475,0.40416,0.41356,0.42294,0.43231,0.44166,0.45098,0.46026,0.46954,0.4788,0.48805,0.49728,0.5065,0.5157,0.52484,0.53397,0.54308,0.55218,0.56126,0.57032,0.57935,0.58833,0.59729,0.60624,0.61517,0.62409,0.63297,0.64179,0.6506,0.65939,0.66816,0.67692,0.68561,0.69427,0.70292,0.71155,0.72016,0.72871,0.73722,0.74572,0.7542,0.76267,0.77106,0.77942,0.78777,0.79611,0.8044,0.81263,0.82085,0.82904,0.83722,0.84532,0.8534,0.86146,0.8695,0.87747,0.88541,0.89334,0.90125,0.90912
99.3,0,0.0097373,0.019474,0.029208,0.038941,0.048672,0.0584,0.068125,0.077847,0.087566,0.09728,0.10699,0.1167,0.1264,0.1361,0.14579,0.15547,0.16515,0.17483,0.1845,0.19416,0.20382,0.21346,0.22311,0.23273,0.24234,0.25194,0.26153,0.27112,0.28069,0.29026,0.29981,0.30936,0.3189,0.32842,0.33794,0.34744,0.35691,0.36637,0.37581,0.38524,0.39465,0.40406,0.41345,0.42283,0.43219,0.44153,0.45083,0.46012,0.46939,0.47865,0.48789,0.49712,0.50634,0.51551,0.52465,0.53377,0.54288,0.55197,0.56104,0.5701,0.5791,0.58808,0.59704,0.60598,0.6149,0.62381,0.63266,0.64147,0.65027,0.65906,0.66782,0.67655,0.68523,0.69388,0.70252,0.71114,0.71973,0.72825,0.73676,0.74525,0.75372,0.76215,0.77052,0.77888,0.78722,0.79554,0.80378,0.81201,0.82021,0.8284,0.83652,0.84461,0.85267,0.86072,0.86872,0.87666,0.88459,0.89251,0.90038,0.90822
99.2,0,0.0097358,0.019471,0.029204,0.038936,0.048665,0.058391,0.068115,0.077836,0.087553,0.097266,0.10697,0.11668,0.12638,0.13607,0.14576,0.15545,0.16513,0.1748,0.18447,0.19413,0.20378,0.21343,0.22306,0.23268,0.24229,0.25189,0.26148,0.27106,0.28064,0.2902,0.29975,0.3093,0.31883,0.32835,0.33786,0.34736,0.35682,0.36627,0.37571,0.38514,0.39455,0.40395,0.41334,0.42271,0.43208,0.4414,0.45069,0.45998,0.46924,0.4785,0.48774,0.49696,0.50617,0.51532,0.52446,0.53357,0.54267,0.55176,0.56083,0.56987,0.57886,0.58782,0.59678,0.60571,0.61463,0.62352,0.63234,0.64116,0.64995,0.65873,0.66749,0.67618,0.68484,0.69349,0.70212,0.71074,0.71928,0.7278,0.7363,0.74478,0.75324,0.76162,0.76999,0.77833,0.78666,0.79494,0.80317,0.81138,0.81957,0.82773,0.83582,0.84389,0.85195,0.85998,0.86793,0.87586,0.88378,0.89167,0.89949,0.90731
99.1,0,0.0097344,0.019468,0.0292,0.03893,0.048658,0.058383,0.068105,0.077824,0.087539,0.097251,0.10696,0.11666,0.12636,0.13605,0.14574,0.15543,0.1651,0.17477,0.18444,0.1941,0.20375,0.2134,0.22302,0.23264,0.24224,0.25184,0.26143,0.27101,0.28058,0.29014,0.29969,0.30923,0.31876,0.32828,0.33779,0.34727,0.35673,0.36618,0.37561,0.38504,0.39445,0.40384,0.41323,0.4226,0.43195,0.44126,0.45055,0.45983,0.4691,0.47835,0.48758,0.4968,0.50599,0.51513,0.52426,0.53337,0.54247,0.55155,0.56062,0.56963,0.57861,0.58757,0.59652,0.60545,0.61436,0.62321,0.63203,0.64084,0.64963,0.6584,0.66713,0.6758,0.68446,0.6931,0.70173,0.71031,0.71884,0.72734,0.73583,0.74431,0.75272,0.7611,0.76945,0.77779,0.7861,0.79434,0.80255,0.81075,0.81894,0.82704,0.83512,0.84318,0.85122,0.8592,0.86713,0.87505,0.88296,0.89079,0.8986,0.90641
99,0,0.009733,0.019465,0.029195,0.038924,0.04865,0.058374,0.068095,0.077812,0.087526,0.097236,0.10694,0.11664,0.12634,0.13603,0.14572,0.1554,0.16508,0.17475,0.18441,0.19407,0.20372,0.21335,0.22298,0.23259,0.24219,0.25179,0.26138,0.27095,0.28052,0.29008,0.29963,0.30917,0.31869,0.32821,0.33771,0.34718,0.35664,0.36608,0.37552,0.38494,0.39434,0.40374,0.41312,0.42249,0.43182,0.44112,0.45041,0.45969,0.46895,0.47819,0.48743,0.49664,0.5058,0.51494,0.52407,0.53317,0.54227,0.55134,0.56039,0.56938,0.57836,0.58732,0.59626,0.60518,0.61407,0.62291,0.63172,0.64052,0.6493,0.65807,0.66676,0.67543,0.68408,0.69271,0.70133,0.70987,0.71839,0.72689,0.73537,0.74382,0.7522,0.76057,0.76892,0.77724,0.78551,0.79373,0.80194,0.81013,0.81827,0.82635,0.83442,0.84247,0.85047,0.85842,0.86634,0.87425,0.88211,0.88992,0.89772,0.90551
98.9,0,0.0097316,0.019462,0.029191,0.038918,0.048643,0.058365,0.068085,0.077801,0.087513,0.097222,0.10693,0.11663,0.12632,0.13601,0.1457,0.15538,0.16505,0.17472,0.18438,0.19404,0.20368,0.21331,0.22293,0.23254,0.24214,0.25174,0.26132,0.2709,0.28046,0.29002,0.29957,0.3091,0.31863,0.32814,0.33763,0.3471,0.35655,0.36599,0.37542,0.38484,0.39424,0.40363,0.41301,0.42237,0.43169,0.44099,0.45027,0.45954,0.4688,0.47804,0.48727,0.49647,0.50562,0.51475,0.52387,0.53298,0.54206,0.55113,0.56015,0.56914,0.57811,0.58706,0.596,0.60492,0.61377,0.6226,0.63141,0.6402,0.64898,0.65771,0.66639,0.67505,0.6837,0.69232,0.70091,0.70943,0.71794,0.72643,0.73491,0.74332,0.75169,0.76004,0.76838,0.77668,0.78491,0.79313,0.80132,0.8095,0.81759,0.82566,0.83372,0.84176,0.84971,0.85764,0.86555,0.87344,0.88124,0.88904,0.89683,0.90459
98.8,0,0.0097301,0.019459,0.029187,0.038913,0.048636,0.058357,0.068075,0.077789,0.0875,0.097207,0.10691,0.11661,0.1263,0.13599,0.14567,0.15535,0.16503,0.17469,0.18435,0.19401,0.20364,0.21327,0.22289,0.2325,0.2421,0.25169,0.26127,0.27084,0.28041,0.28996,0.2995,0.30904,0.31856,0.32807,0.33754,0.34701,0.35646,0.3659,0.37532,0.38474,0.39414,0.40353,0.4129,0.42224,0.43155,0.44085,0.45013,0.4594,0.46865,0.47789,0.48711,0.49629,0.50543,0.51456,0.52368,0.53278,0.54186,0.55092,0.55992,0.5689,0.57786,0.58681,0.59574,0.60464,0.61348,0.6223,0.6311,0.63989,0.64866,0.65735,0.66602,0.67468,0.68332,0.69193,0.70047,0.70899,0.7175,0.72598,0.73443,0.74281,0.75117,0.75952,0.76784,0.77609,0.78432,0.79252,0.80071,0.80883,0.81691,0.82498,0.83302,0.841,0.84894,0.85686,0.86476,0.87258,0.88038,0.88816,0.89594,0.90364
98.7,0,0.0097287,0.019456,0.029183,0.038907,0.048629,0.058348,0.068064,0.077777,0.087487,0.097192,0.10689,0.11659,0.12628,0.13597,0.14565,0.15533,0.165,0.17466,0.18432,0.19397,0.2036,0.21323,0.22284,0.23245,0.24205,0.25164,0.26122,0.27079,0.28035,0.2899,0.29944,0.30897,0.31849,0.32799,0.33746,0.34692,0.35637,0.3658,0.37523,0.38464,0.39404,0.40342,0.41279,0.42211,0.43142,0.44071,0.44999,0.45926,0.4685,0.47774,0.48695,0.4961,0.50525,0.51437,0.52348,0.53258,0.54166,0.55068,0.55968,0.56865,0.57761,0.58655,0.59548,0.60434,0.61318,0.62199,0.63079,0.63957,0.64831,0.65699,0.66566,0.6743,0.68293,0.69151,0.70004,0.70856,0.71705,0.72552,0.73393,0.7423,0.75065,0.75899,0.76728,0.77551,0.78372,0.79192,0.80007,0.80816,0.81623,0.82429,0.8323,0.84024,0.84817,0.85608,0.86393,0.87173,0.87952,0.88729,0.895,0.90269
98.6,0,0.0097273,0.019454,0.029178,0.038901,0.048622,0.058339,0.068054,0.077766,0.087474,0.097178,0.10688,0.11657,0.12626,0.13595,0.14563,0.15531,0.16497,0.17464,0.18429,0.19393,0.20356,0.21318,0.2228,0.2324,0.242,0.25159,0.26116,0.27073,0.28029,0.28984,0.29938,0.30891,0.31842,0.3279,0.33737,0.34683,0.35628,0.36571,0.37513,0.38454,0.39393,0.40331,0.41267,0.42198,0.43129,0.44058,0.44985,0.45911,0.46836,0.47759,0.48677,0.49592,0.50506,0.51418,0.52329,0.53238,0.54145,0.55045,0.55944,0.56841,0.57736,0.5863,0.59521,0.60405,0.61288,0.62169,0.63048,0.63925,0.64795,0.65663,0.66529,0.67393,0.68255,0.69109,0.69961,0.70812,0.7166,0.72504,0.73343,0.74179,0.75014,0.75846,0.7667,0.77492,0.78313,0.79131,0.79942,0.8075,0.81556,0.8236,0.83155,0.83949,0.8474,0.85529,0.86309,0.87088,0.87865,0.88638,0.89406,0.90174
98.5,0,0.0097259,0.019451,0.029174,0.038895,0.048614,0.058331,0.068044,0.077754,0.087461,0.097163,0.10686,0.11656,0.12624,0.13593,0.14561,0.15528,0.16495,0.17461,0.18426,0.19389,0.20352,0.21314,0.22275,0.23236,0.24195,0.25153,0.26111,0.27068,0.28023,0.28978,0.29932,0.30884,0.31834,0.32782,0.33729,0.34674,0.35619,0.36562,0.37503,0.38444,0.39383,0.40321,0.41254,0.42185,0.43115,0.44044,0.44971,0.45897,0.46821,0.47743,0.48659,0.49574,0.50488,0.51399,0.5231,0.53218,0.54122,0.55022,0.5592,0.56817,0.57712,0.58605,0.59492,0.60376,0.61258,0.62138,0.63017,0.63891,0.6476,0.65627,0.66492,0.67355,0.68214,0.69067,0.69918,0.70768,0.71616,0.72455,0.73293,0.74128,0.74962,0.75789,0.76613,0.77434,0.78253,0.79067,0.79876,0.80683,0.81488,0.82287,0.83081,0.83873,0.84663,0.85446,0.86226,0.87003,0.87779,0.88546,0.89312,0.90079
98.4,0,0.0097244,0.019448,0.02917,0.03889,0.048607,0.058322,0.068034,0.077742,0.087447,0.097148,0.10685,0.11654,0.12623,0.13591,0.14559,0.15526,0.16492,0.17458,0.18422,0.19385,0.20348,0.2131,0.22271,0.23231,0.2419,0.25148,0.26106,0.27062,0.28018,0.28972,0.29925,0.30878,0.31826,0.32774,0.3372,0.34666,0.35609,0.36552,0.37494,0.38434,0.39373,0.40309,0.41241,0.42172,0.43102,0.4403,0.44957,0.45882,0.46806,0.47725,0.48642,0.49556,0.50469,0.5138,0.5229,0.53198,0.54099,0.54999,0.55896,0.56792,0.57687,0.58578,0.59463,0.60347,0.61228,0.62108,0.62986,0.63856,0.64724,0.65591,0.66455,0.67318,0.68172,0.69024,0.69875,0.70724,0.71568,0.72406,0.73243,0.74077,0.74909,0.75733,0.76555,0.77375,0.78193,0.79003,0.7981,0.80616,0.81419,0.82214,0.83007,0.83797,0.84584,0.85364,0.86142,0.86918,0.87688,0.88454,0.89219,0.89983
98.3,0,0.009723,0.019445,0.029165,0.038884,0.0486,0.058313,0.068024,0.077731,0.087434,0.097134,0.10683,0.11652,0.12621,0.13589,0.14556,0.15523,0.1649,0.17454,0.18418,0.19382,0.20344,0.21306,0.22266,0.23226,0.24185,0.25143,0.261,0.27057,0.28012,0.28966,0.29919,0.3087,0.31818,0.32766,0.33712,0.34657,0.356,0.36543,0.37484,0.38424,0.39362,0.40296,0.41229,0.42159,0.43089,0.44017,0.44943,0.45868,0.46791,0.47708,0.48624,0.49538,0.50451,0.51361,0.52271,0.53176,0.54076,0.54975,0.55873,0.56768,0.57662,0.5855,0.59435,0.60317,0.61198,0.62077,0.62952,0.63821,0.64689,0.65555,0.66418,0.67277,0.6813,0.68982,0.69832,0.7068,0.71519,0.72357,0.73192,0.74026,0.74853,0.75676,0.76498,0.77317,0.7813,0.78938,0.79745,0.80549,0.81347,0.8214,0.82932,0.83722,0.84502,0.85281,0.86058,0.8683,0.87596,0.88361,0.89125,0.89883
98.2,0,0.0097216,0.019442,0.029161,0.038878,0.048593,0.058305,0.068014,0.077719,0.087421,0.097119,0.10681,0.1165,0.12619,0.13587,0.14554,0.15521,0.16486,0.17451,0.18415,0.19378,0.2034,0.21301,0.22262,0.23222,0.2418,0.25138,0.26095,0.27051,0.28006,0.2896,0.29913,0.30862,0.3181,0.32757,0.33703,0.34648,0.35591,0.36533,0.37474,0.38414,0.39351,0.40284,0.41216,0.42146,0.43075,0.44003,0.44929,0.45853,0.46774,0.47691,0.48606,0.4952,0.50432,0.51342,0.52251,0.53153,0.54054,0.54952,0.55849,0.56744,0.57636,0.58522,0.59406,0.60288,0.61168,0.62047,0.62918,0.63787,0.64653,0.65518,0.66381,0.67236,0.68089,0.6894,0.69789,0.70632,0.71471,0.72308,0.73142,0.73974,0.74798,0.7562,0.7644,0.77257,0.78066,0.78874,0.79679,0.8048,0.81275,0.82067,0.82858,0.83642,0.84421,0.85198,0.85974,0.8674,0.87505,0.88269,0.89028,0.89783
98.1,0,0.0097202,0.019439,0.029157,0.038872,0.048585,0.058296,0.068003,0.077708,0.087408,0.097105,0.1068,0.11648,0.12617,0.13585,0.14552,0.15518,0.16483,0.17448,0.18411,0.19374,0.20336,0.21297,0.22257,0.23217,0.24175,0.25133,0.2609,0.27046,0.28,0.28954,0.29905,0.30854,0.31802,0.32749,0.33695,0.34639,0.35582,0.36524,0.37465,0.38404,0.39339,0.40272,0.41203,0.42134,0.43062,0.43989,0.44915,0.45839,0.46757,0.47674,0.48588,0.49502,0.50413,0.51323,0.5223,0.53131,0.54031,0.54929,0.55825,0.56719,0.57609,0.58494,0.59377,0.60259,0.61138,0.62014,0.62884,0.63752,0.64618,0.65482,0.66341,0.67195,0.68047,0.68897,0.69745,0.70585,0.71423,0.72259,0.73092,0.73919,0.74742,0.75563,0.76382,0.77194,0.78003,0.78809,0.79613,0.80409,0.81202,0.81994,0.82781,0.83561,0.8434,0.85116,0.85885,0.8665,0.87414,0.88175,0.88929,0.89683
98,0,0.0097187,0.019436,0.029152,0.038866,0.048578,0.058287,0.067993,0.077696,0.087395,0.09709,0.10678,0.11647,0.12615,0.13582,0.14549,0.15515,0.1648,0.17444,0.18408,0.1937,0.20332,0.21293,0.22253,0.23212,0.24171,0.25128,0.26084,0.2704,0.27995,0.28948,0.29898,0.30847,0.31794,0.32741,0.33686,0.3463,0.35573,0.36515,0.37455,0.38393,0.39327,0.4026,0.41191,0.42121,0.43049,0.43976,0.44901,0.45822,0.4674,0.47656,0.48571,0.49484,0.50395,0.51304,0.52208,0.53109,0.54008,0.54905,0.55801,0.56695,0.57581,0.58466,0.59348,0.60229,0.61109,0.6198,0.6285,0.63717,0.64582,0.65446,0.66301,0.67154,0.68005,0.68855,0.69699,0.70537,0.71374,0.72209,0.7304,0.73864,0.74686,0.75507,0.76322,0.77132,0.77939,0.78744,0.79544,0.80338,0.8113,0.8192,0.82702,0.83481,0.84258,0.85031,0.85797,0.86561,0.87323,0.88078,0.8883,0.89583
97.9,0,0.0097173,0.019433,0.029148,0.038861,0.048571,0.058279,0.067983,0.077684,0.087382,0.097075,0.10676,0.11645,0.12613,0.1358,0.14547,0.15512,0.16477,0.17441,0.18404,0.19366,0.20328,0.21289,0.22249,0.23208,0.24166,0.25123,0.26079,0.27034,0.27989,0.28941,0.2989,0.30839,0.31786,0.32733,0.33678,0.34621,0.35564,0.36505,0.37445,0.38381,0.39315,0.40247,0.41178,0.42108,0.43035,0.43962,0.44887,0.45806,0.46723,0.47639,0.48553,0.49466,0.50376,0.51284,0.52186,0.53086,0.53985,0.54882,0.55777,0.56668,0.57553,0.58437,0.5932,0.602,0.61076,0.61947,0.62815,0.63682,0.64547,0.65406,0.66261,0.67113,0.67964,0.68812,0.69652,0.7049,0.71326,0.7216,0.72986,0.73809,0.74631,0.7545,0.76261,0.77069,0.77875,0.78679,0.79474,0.80267,0.81058,0.81844,0.82623,0.83401,0.84177,0.84944,0.85708,0.86471,0.87228,0.8798,0.88732,0.89482
97.8,0,0.0097159,0.019431,0.029144,0.038855,0.048564,0.05827,0.067973,0.077673,0.087369,0.097061,0.10675,0.11643,0.12611,0.13578,0.14544,0.15509,0.16473,0.17437,0.184,0.19362,0.20324,0.21284,0.22244,0.23203,0.24161,0.25118,0.26074,0.27029,0.27983,0.28933,0.29883,0.30831,0.31778,0.32724,0.33669,0.34613,0.35555,0.36496,0.37435,0.3837,0.39303,0.40235,0.41166,0.42095,0.43022,0.43948,0.44871,0.4579,0.46706,0.47622,0.48535,0.49447,0.50358,0.51262,0.52164,0.53064,0.53962,0.54859,0.55753,0.56641,0.57526,0.58409,0.59291,0.60171,0.61044,0.61913,0.62781,0.63647,0.64511,0.65367,0.66221,0.67072,0.67922,0.68766,0.69605,0.70442,0.71278,0.72108,0.72932,0.73754,0.74575,0.7539,0.76199,0.77006,0.77812,0.7861,0.79404,0.80196,0.80985,0.81766,0.82544,0.83321,0.84091,0.84856,0.85619,0.8638,0.87132,0.87883,0.88633,0.89377
97.7,0,0.0097144,0.019428,0.02914,0.038849,0.048557,0.058261,0.067963,0.077661,0.087355,0.097046,0.10673,0.11641,0.12609,0.13575,0.14541,0.15506,0.1647,0.17434,0.18397,0.19359,0.2032,0.2128,0.2224,0.23198,0.24156,0.25113,0.26069,0.27023,0.27976,0.28926,0.29875,0.30824,0.3177,0.32716,0.33661,0.34604,0.35546,0.36487,0.37424,0.38358,0.39291,0.40223,0.41153,0.42082,0.43009,0.43935,0.44855,0.45773,0.4669,0.47604,0.48518,0.49429,0.50338,0.51241,0.52142,0.53042,0.53939,0.54835,0.55727,0.56613,0.57498,0.58381,0.59262,0.6014,0.61011,0.6188,0.62747,0.63613,0.64472,0.65327,0.6618,0.67031,0.6788,0.6872,0.69558,0.70395,0.71229,0.72055,0.72878,0.737,0.74519,0.75329,0.76137,0.76944,0.77746,0.78541,0.79334,0.80125,0.80909,0.81688,0.82465,0.83239,0.84005,0.84769,0.85531,0.86285,0.87036,0.87786,0.88531,0.89272
97.6,0,0.009713,0.019425,0.029135,0.038843,0.048549,0.058253,0.067953,0.077649,0.087342,0.097031,0.10672,0.11639,0.12606,0.13573,0.14538,0.15503,0.16467,0.1743,0.18393,0.19355,0.20316,0.21276,0.22235,0.23194,0.24151,0.25108,0.26063,0.27017,0.27969,0.28919,0.29868,0.30816,0.31763,0.32708,0.33652,0.34595,0.35537,0.36477,0.37412,0.38346,0.39279,0.40211,0.4114,0.42069,0.42996,0.4392,0.44839,0.45757,0.46673,0.47587,0.485,0.49411,0.50317,0.5122,0.5212,0.53019,0.53917,0.54812,0.557,0.56586,0.57471,0.58353,0.59234,0.60107,0.60978,0.61846,0.62713,0.63578,0.64434,0.65288,0.6614,0.66991,0.67835,0.68674,0.69512,0.70347,0.71177,0.72002,0.72824,0.73645,0.74459,0.75268,0.76076,0.76881,0.77678,0.78472,0.79264,0.80052,0.80832,0.8161,0.82386,0.83154,0.83919,0.84681,0.85439,0.8619,0.8694,0.87687,0.88427,0.89167
97.5,0,0.0097116,0.019422,0.029131,0.038838,0.048542,0.058244,0.067942,0.077638,0.087329,0.097017,0.1067,0.11637,0.12604,0.1357,0.14535,0.155,0.16464,0.17427,0.18389,0.19351,0.20312,0.21272,0.22231,0.23189,0.24146,0.25103,0.26058,0.27011,0.27962,0.28912,0.29861,0.30808,0.31755,0.327,0.33644,0.34586,0.35528,0.36466,0.37401,0.38335,0.39267,0.40198,0.41128,0.42056,0.42982,0.43904,0.44823,0.4574,0.46656,0.4757,0.48482,0.49392,0.50296,0.51198,0.52099,0.52997,0.53894,0.54786,0.55674,0.56559,0.57443,0.58325,0.59203,0.60075,0.60945,0.61813,0.62679,0.63539,0.64395,0.65248,0.661,0.66949,0.67789,0.68628,0.69465,0.703,0.71125,0.71949,0.7277,0.73589,0.744,0.75208,0.76014,0.76815,0.7761,0.78403,0.79194,0.79976,0.80755,0.81532,0.82304,0.83069,0.83832,0.84594,0.85345,0.86095,0.86844,0.87585,0.88324,0.89062
97.4,0,0.0097102,0.019419,0.029127,0.038832,0.048535,0.058235,0.067932,0.077626,0.087316,0.097002,0.10668,0.11635,0.12601,0.13567,0.14532,0.15497,0.16461,0.17424,0.18386,0.19347,0.20308,0.21267,0.22226,0.23184,0.24141,0.25097,0.26052,0.27004,0.27955,0.28905,0.29853,0.308,0.31747,0.32691,0.33635,0.34577,0.35518,0.36455,0.3739,0.38323,0.39255,0.40186,0.41115,0.42043,0.42968,0.43888,0.44807,0.45724,0.46639,0.47553,0.48465,0.49372,0.50275,0.51177,0.52077,0.52975,0.53871,0.5476,0.55647,0.56532,0.57415,0.58297,0.59172,0.60043,0.60912,0.61779,0.62645,0.63501,0.64356,0.65209,0.6606,0.66904,0.67744,0.68582,0.69418,0.70248,0.71073,0.71896,0.72717,0.7353,0.7434,0.75147,0.75952,0.76748,0.77542,0.78334,0.7912,0.799,0.80678,0.81454,0.8222,0.82984,0.83746,0.84501,0.85252,0.86,0.86744,0.87482,0.8822,0.88955
97.3,0,0.0097087,0.019416,0.029122,0.038826,0.048528,0.058226,0.067922,0.077614,0.087303,0.096984,0.10666,0.11633,0.12599,0.13565,0.1453,0.15494,0.16457,0.1742,0.18382,0.19343,0.20304,0.21263,0.22222,0.2318,0.24136,0.25092,0.26046,0.26997,0.27948,0.28897,0.29846,0.30793,0.31739,0.32683,0.33627,0.34569,0.35508,0.36444,0.37378,0.38312,0.39243,0.40174,0.41102,0.4203,0.42953,0.43873,0.44791,0.45707,0.46622,0.47535,0.48447,0.49351,0.50254,0.51155,0.52055,0.52952,0.53846,0.54735,0.55621,0.56505,0.57388,0.58267,0.5914,0.6001,0.60879,0.61746,0.62607,0.63463,0.64317,0.6517,0.66019,0.6686,0.67699,0.68536,0.69371,0.70197,0.71021,0.71843,0.72661,0.73472,0.7428,0.75086,0.75887,0.76681,0.77474,0.78265,0.79046,0.79824,0.80601,0.81371,0.82136,0.82899,0.83658,0.84409,0.85158,0.85905,0.86643,0.8738,0.88116,0.88845
97.2,0,0.0097073,0.019413,0.029118,0.03882,0.048521,0.058218,0.067912,0.077603,0.087287,0.096965,0.10664,0.1163,0.12596,0.13562,0.14527,0.15491,0.16454,0.17417,0.18378,0.19339,0.203,0.21259,0.22217,0.23175,0.24132,0.25087,0.26039,0.26991,0.27941,0.2889,0.29838,0.30785,0.31731,0.32675,0.33618,0.3456,0.35497,0.36433,0.37367,0.383,0.39231,0.40161,0.4109,0.42016,0.42937,0.43857,0.44775,0.45691,0.46605,0.47518,0.48427,0.49331,0.50233,0.51134,0.52033,0.5293,0.53821,0.54709,0.55594,0.56478,0.5736,0.58236,0.59108,0.59978,0.60846,0.61712,0.6257,0.63425,0.64279,0.6513,0.65975,0.66815,0.67654,0.6849,0.69321,0.70146,0.70969,0.7179,0.72603,0.73413,0.7422,0.75025,0.75821,0.76614,0.77406,0.78191,0.78971,0.79749,0.80523,0.81289,0.82052,0.82814,0.83566,0.84316,0.85064,0.85805,0.86542,0.87277,0.88007,0.88735
97.1,0,0.0097059,0.019411,0.029114,0.038815,0.048513,0.058209,0.067902,0.077588,0.08727,0.096946,0.10662,0.11628,0.12594,0.13559,0.14524,0.15488,0.16451,0.17413,0.18375,0.19336,0.20296,0.21255,0.22213,0.2317,0.24127,0.25081,0.26033,0.26984,0.27934,0.28883,0.29831,0.30777,0.31723,0.32667,0.3361,0.3455,0.35486,0.36422,0.37356,0.38288,0.39219,0.40149,0.41077,0.42001,0.42922,0.43841,0.44759,0.45674,0.46588,0.47501,0.48407,0.4931,0.50212,0.51113,0.52011,0.52906,0.53795,0.54683,0.55568,0.56451,0.57332,0.58205,0.59076,0.59946,0.60813,0.61676,0.62532,0.63387,0.6424,0.6509,0.65931,0.66771,0.67609,0.68444,0.6927,0.70094,0.70916,0.71735,0.72545,0.73354,0.7416,0.7496,0.75755,0.76547,0.77337,0.78118,0.78896,0.79673,0.80441,0.81206,0.81968,0.82725,0.83475,0.84224,0.84968,0.85705,0.8644,0.87173,0.87898,0.88624
97,0,0.0097045,0.019408,0.029109,0.038809,0.048506,0.0582,0.067889,0.077573,0.087253,0.096927,0.1066,0.11626,0.12592,0.13557,0.14521,0.15485,0.16448,0.1741,0.18371,0.19332,0.20292,0.2125,0.22208,0.23166,0.24121,0.25074,0.26026,0.26977,0.27927,0.28876,0.29823,0.3077,0.31715,0.32658,0.33601,0.34539,0.35476,0.36411,0.37345,0.38277,0.39208,0.40137,0.41065,0.41986,0.42907,0.43825,0.44743,0.45658,0.46572,0.47481,0.48387,0.4929,0.50192,0.51091,0.51989,0.52881,0.5377,0.54657,0.55541,0.56424,0.57301,0.58174,0.59045,0.59913,0.6078,0.61639,0.62495,0.63349,0.64201,0.65047,0.65888,0.66726,0.67563,0.68394,0.69219,0.70043,0.70864,0.71678,0.72487,0.73295,0.74099,0.74895,0.75689,0.7648,0.77265,0.78044,0.78822,0.79594,0.8036,0.81123,0.81884,0.82635,0.83384,0.84131,0.84869,0.85605,0.86339,0.87065,0.87789,0.88514
96.9,0,0.009703,0.019405,0.029105,0.038803,0.048499,0.058189,0.067876,0.077558,0.087236,0.096908,0.10658,0.11624,0.12589,0.13554,0.14518,0.15482,0.16444,0.17406,0.18368,0.19328,0.20288,0.21246,0.22204,0.23161,0.24115,0.25068,0.2602,0.26971,0.2792,0.28869,0.29816,0.30762,0.31707,0.3265,0.33591,0.34529,0.35465,0.364,0.37333,0.38265,0.39196,0.40125,0.4105,0.41972,0.42892,0.4381,0.44726,0.45641,0.46555,0.47462,0.48367,0.4927,0.50171,0.5107,0.51967,0.52856,0.53744,0.54631,0.55515,0.56397,0.57271,0.58143,0.59013,0.59881,0.60745,0.61602,0.62457,0.63311,0.64162,0.65004,0.65844,0.66682,0.67518,0.68344,0.69169,0.69991,0.7081,0.7162,0.72429,0.73236,0.74035,0.7483,0.75623,0.76411,0.77192,0.7797,0.78747,0.79514,0.80278,0.8104,0.81795,0.82545,0.83293,0.84034,0.8477,0.85505,0.86233,0.86957,0.8768,0.88399
96.8,0,0.0097016,0.019402,0.029101,0.038797,0.048489,0.058178,0.067863,0.077543,0.087219,0.09689,0.10655,0.11621,0.12587,0.13551,0.14515,0.15479,0.16441,0.17403,0.18364,0.19324,0.20283,0.21242,0.222,0.23156,0.24109,0.25062,0.26014,0.26964,0.27913,0.28862,0.29808,0.30754,0.31699,0.32642,0.33581,0.34519,0.35454,0.36389,0.37322,0.38254,0.39184,0.40112,0.41035,0.41957,0.42876,0.43794,0.4471,0.45625,0.46536,0.47442,0.48347,0.49249,0.5015,0.51049,0.51942,0.52832,0.53719,0.54605,0.55488,0.56367,0.5724,0.58112,0.58981,0.59849,0.60709,0.61565,0.6242,0.63273,0.64119,0.64961,0.658,0.66638,0.67469,0.68294,0.69118,0.6994,0.70753,0.71563,0.72371,0.73175,0.73971,0.74765,0.75557,0.7634,0.77119,0.77897,0.78668,0.79433,0.80196,0.80955,0.81706,0.82455,0.832,0.83936,0.84671,0.85403,0.86126,0.86849,0.87569,0.88283
96.7,0,0.0097002,0.019399,0.029095,0.038789,0.04848,0.058167,0.06785,0.077528,0.087202,0.096871,0.10653,0.11619,0.12584,0.13549,0.14512,0.15476,0.16438,0.17399,0.1836,0.1932,0.20279,0.21238,0.22195,0.2315,0.24103,0.25056,0.26007,0.26957,0.27907,0.28854,0.29801,0.30747,0.31691,0.32633,0.33571,0.34508,0.35444,0.36378,0.37311,0.38242,0.39172,0.40098,0.41021,0.41942,0.42861,0.43778,0.44694,0.45609,0.46517,0.47423,0.48327,0.49229,0.50129,0.51027,0.51918,0.52807,0.53694,0.54579,0.55462,0.56337,0.5721,0.58081,0.5895,0.59814,0.60672,0.61528,0.62383,0.63234,0.64077,0.64918,0.65756,0.66593,0.6742,0.68245,0.69068,0.69886,0.70697,0.71506,0.72313,0.73112,0.73907,0.747,0.75488,0.76268,0.77047,0.77823,0.78589,0.79353,0.80115,0.80867,0.81617,0.82365,0.83103,0.83839,0.84572,0.85297,0.8602,0.86741,0.87455,0.88168
96.6,0,0.0096984,0.019395,0.02909,0.038782,0.04847,0.058156,0.067837,0.077513,0.087185,0.096852,0.10651,0.11617,0.12582,0.13546,0.1451,0.15473,0.16435,0.17396,0.18357,0.19316,0.20275,0.21233,0.2219,0.23144,0.24098,0.2505,0.26001,0.26951,0.279,0.28847,0.29794,0.30739,0.31683,0.32623,0.33561,0.34498,0.35433,0.36367,0.37299,0.3823,0.3916,0.40084,0.41006,0.41927,0.42846,0.43763,0.44678,0.45591,0.46498,0.47403,0.48307,0.49208,0.50108,0.51003,0.51893,0.52782,0.53668,0.54553,0.55433,0.56307,0.57179,0.5805,0.58918,0.59779,0.60636,0.61492,0.62345,0.63192,0.64035,0.64875,0.65713,0.66544,0.67371,0.68195,0.69017,0.69831,0.70641,0.71449,0.72253,0.73049,0.73843,0.74635,0.75417,0.76197,0.76974,0.77744,0.78509,0.79272,0.80029,0.80779,0.81528,0.82271,0.83007,0.83741,0.8447,0.85192,0.85913,0.86629,0.8734,0.88052
96.5,0,0.0096965,0.019391,0.029084,0.038774,0.048461,0.058144,0.067824,0.077498,0.087168,0.096833,0.10649,0.11615,0.12579,0.13543,0.14507,0.15469,0.16431,0.17393,0.18353,0.19313,0.20271,0.21229,0.22184,0.23139,0.24092,0.25044,0.25994,0.26944,0.27893,0.2884,0.29786,0.30731,0.31674,0.32613,0.33551,0.34487,0.35423,0.36356,0.37288,0.38219,0.39147,0.4007,0.40992,0.41912,0.4283,0.43747,0.44662,0.45572,0.46479,0.47384,0.48287,0.49188,0.50087,0.50979,0.51869,0.52757,0.53643,0.54527,0.55403,0.56277,0.57149,0.58018,0.58884,0.59743,0.606,0.61455,0.62307,0.63151,0.63992,0.64832,0.65668,0.66496,0.67321,0.68145,0.68964,0.69775,0.70584,0.71392,0.7219,0.72985,0.73778,0.74566,0.75346,0.76125,0.769,0.77666,0.7843,0.79191,0.79942,0.80692,0.81439,0.82175,0.8291,0.83643,0.84365,0.85087,0.85805,0.86515,0.87226,0.87933
96.4,0,0.0096947,0.019388,0.029079,0.038767,0.048452,0.058133,0.06781,0.077483,0.087151,0.096814,0.10647,0.11612,0.12577,0.13541,0.14504,0.15466,0.16428,0.17389,0.18349,0.19309,0.20267,0.21224,0.22179,0.23133,0.24086,0.25037,0.25988,0.26937,0.27886,0.28833,0.29779,0.30723,0.31664,0.32603,0.33541,0.34477,0.35412,0.36345,0.37277,0.38207,0.39133,0.40056,0.40977,0.41897,0.42815,0.43731,0.44646,0.45554,0.4646,0.47364,0.48267,0.49167,0.50064,0.50955,0.51844,0.52732,0.53617,0.54499,0.55374,0.56247,0.57118,0.57987,0.58849,0.59708,0.60564,0.61418,0.62266,0.63109,0.6395,0.64789,0.65621,0.66448,0.67272,0.68095,0.68909,0.6972,0.70528,0.71332,0.72128,0.72922,0.73714,0.74496,0.75276,0.76053,0.76822,0.77587,0.7835,0.79105,0.79856,0.80604,0.81344,0.8208,0.82814,0.8354,0.84261,0.84981,0.85693,0.86402,0.87111,0.87812
96.3,0,0.0096928,0.019384,0.029073,0.038759,0.048442,0.058122,0.067797,0.077468,0.087135,0.096796,0.10645,0.1161,0.12574,0.13538,0.14501,0.15463,0.16425,0.17386,0.18346,0.19305,0.20263,0.21219,0.22173,0.23127,0.2408,0.25031,0.25982,0.26931,0.27879,0.28826,0.29771,0.30715,0.31655,0.32594,0.33531,0.34467,0.35401,0.36334,0.37266,0.38195,0.39119,0.40042,0.40963,0.41882,0.428,0.43716,0.44627,0.45535,0.46441,0.47345,0.48247,0.49147,0.5004,0.50931,0.5182,0.52707,0.53592,0.5447,0.55344,0.56217,0.57088,0.57955,0.58814,0.59672,0.60528,0.61381,0.62226,0.63068,0.63908,0.64745,0.65573,0.66399,0.67223,0.68043,0.68854,0.69664,0.70472,0.7127,0.72066,0.72859,0.73646,0.74426,0.75205,0.75979,0.76745,0.77509,0.78269,0.7902,0.79769,0.80514,0.8125,0.81985,0.82714,0.83437,0.84157,0.84872,0.85581,0.86289,0.86991,0.87691
96.2,0,0.0096909,0.01938,0.029067,0.038752,0.048433,0.058111,0.067784,0.077453,0.087118,0.096777,0.10643,0.11608,0.12572,0.13535,0.14498,0.1546,0.16422,0.17382,0.18342,0.19301,0.20258,0.21214,0.22168,0.23122,0.24074,0.25025,0.25975,0.26924,0.27872,0.28818,0.29764,0.30706,0.31646,0.32584,0.33521,0.34456,0.35391,0.36323,0.37254,0.38181,0.39105,0.40028,0.40948,0.41867,0.42785,0.437,0.44609,0.45516,0.46421,0.47325,0.48227,0.49125,0.50017,0.50907,0.51795,0.52682,0.53565,0.54441,0.55315,0.56187,0.57057,0.5792,0.5878,0.59637,0.60492,0.61341,0.62185,0.63026,0.63865,0.64698,0.65526,0.66351,0.67174,0.67989,0.688,0.69609,0.70412,0.71209,0.72003,0.72795,0.73577,0.74357,0.75134,0.75903,0.76667,0.7743,0.78184,0.78934,0.79682,0.80421,0.81156,0.8189,0.82613,0.83334,0.84052,0.84761,0.85469,0.86173,0.86871,0.87569
96.1,0,0.0096891,0.019377,0.029062,0.038744,0.048424,0.058099,0.067771,0.077438,0.087101,0.096758,0.10641,0.11606,0.12569,0.13533,0.14495,0.15457,0.16418,0.17379,0.18338,0.19297,0.20253,0.21208,0.22163,0.23116,0.24068,0.25019,0.25969,0.26917,0.27865,0.28811,0.29756,0.30697,0.31636,0.32574,0.33511,0.34446,0.3538,0.36312,0.37243,0.38168,0.39092,0.40013,0.40934,0.41852,0.42769,0.43682,0.44591,0.45498,0.46402,0.47305,0.48207,0.49102,0.49993,0.50883,0.51771,0.52657,0.53536,0.54412,0.55285,0.56157,0.57026,0.57886,0.58745,0.59601,0.60455,0.61301,0.62144,0.62984,0.63823,0.64652,0.65478,0.66303,0.67122,0.67935,0.68745,0.69553,0.70352,0.71147,0.71941,0.72728,0.73508,0.74287,0.7506,0.75826,0.7659,0.77349,0.781,0.78849,0.79592,0.80328,0.81062,0.81789,0.82511,0.83231,0.83942,0.8465,0.85356,0.86054,0.86751,0.87445
96,0,0.0096872,0.019373,0.029056,0.038737,0.048414,0.058088,0.067758,0.077423,0.087084,0.096739,0.10639,0.11603,0.12567,0.1353,0.14493,0.15454,0.16415,0.17375,0.18335,0.19292,0.20248,0.21203,0.22157,0.2311,0.24062,0.25013,0.25962,0.26911,0.27858,0.28804,0.29747,0.30688,0.31627,0.32565,0.33501,0.34436,0.35369,0.36301,0.3723,0.38154,0.39078,0.39999,0.40919,0.41837,0.42754,0.43664,0.44573,0.45479,0.46383,0.47286,0.48186,0.49079,0.4997,0.50859,0.51747,0.52631,0.53508,0.54383,0.55256,0.56127,0.56992,0.57852,0.5871,0.59565,0.60416,0.6126,0.62103,0.62943,0.63777,0.64605,0.65431,0.66255,0.67069,0.67881,0.6869,0.69494,0.70291,0.71086,0.71878,0.7266,0.7344,0.74217,0.74985,0.7575,0.76513,0.77265,0.78015,0.78763,0.795,0.80235,0.80967,0.81689,0.82409,0.83124,0.83832,0.84539,0.85239,0.85935,0.86631,0.87318
95.9,0,0.0096853,0.019369,0.029051,0.038729,0.048405,0.058077,0.067745,0.077408,0.087067,0.09672,0.10637,0.11601,0.12565,0.13527,0.1449,0.15451,0.16412,0.17372,0.1833,0.19287,0.20243,0.21198,0.22152,0.23105,0.24056,0.25007,0.25956,0.26904,0.27851,0.28796,0.29738,0.30678,0.31617,0.32555,0.33491,0.34425,0.35359,0.3629,0.37216,0.38141,0.39064,0.39985,0.40905,0.41823,0.42737,0.43647,0.44554,0.4546,0.46364,0.47266,0.48163,0.49056,0.49946,0.50835,0.51722,0.52603,0.5348,0.54354,0.55227,0.56097,0.56958,0.57818,0.58675,0.5953,0.60377,0.6122,0.62062,0.62901,0.63731,0.64558,0.65383,0.66203,0.67016,0.67827,0.68636,0.69435,0.70231,0.71024,0.71811,0.72592,0.73371,0.74143,0.74909,0.75673,0.76431,0.77182,0.77931,0.78672,0.79408,0.80142,0.80867,0.81588,0.82307,0.83016,0.83723,0.84425,0.85121,0.85816,0.86505,0.87191
95.8,0,0.0096835,0.019365,0.029045,0.038722,0.048396,0.058066,0.067732,0.077393,0.08705,0.096701,0.10635,0.11599,0.12562,0.13525,0.14487,0.15448,0.16409,0.17368,0.18326,0.19283,0.20238,0.21193,0.22146,0.23099,0.2405,0.25,0.2595,0.26897,0.27844,0.28788,0.29729,0.30669,0.31608,0.32545,0.33481,0.34415,0.35348,0.36278,0.37203,0.38128,0.3905,0.39971,0.4089,0.41808,0.4272,0.43629,0.44536,0.45441,0.46345,0.47246,0.48141,0.49033,0.49923,0.50811,0.51697,0.52575,0.53451,0.54325,0.55197,0.56064,0.56924,0.57783,0.5864,0.59492,0.60337,0.6118,0.62021,0.62856,0.63685,0.64511,0.65336,0.66151,0.66963,0.67773,0.68577,0.69375,0.7017,0.70962,0.71744,0.72524,0.73302,0.74069,0.74834,0.75597,0.76348,0.77098,0.77845,0.78582,0.79316,0.80046,0.80768,0.81487,0.822,0.82907,0.83613,0.84309,0.85003,0.85694,0.86379,0.87064
95.7,0,0.0096816,0.019362,0.029039,0.038714,0.048386,0.058054,0.067719,0.077378,0.087033,0.096683,0.10633,0.11596,0.1256,0.13522,0.14484,0.15445,0.16406,0.17364,0.18321,0.19278,0.20233,0.21188,0.22141,0.23093,0.24044,0.24994,0.25943,0.26891,0.27837,0.28779,0.2972,0.3066,0.31599,0.32535,0.33471,0.34405,0.35337,0.36265,0.3719,0.38114,0.39036,0.39957,0.40876,0.41792,0.42702,0.43611,0.44518,0.45423,0.46326,0.47224,0.48118,0.4901,0.499,0.50787,0.5167,0.52548,0.53423,0.54296,0.55168,0.5603,0.56891,0.57749,0.58605,0.59453,0.60297,0.6114,0.6198,0.6281,0.63638,0.64464,0.65285,0.66099,0.6691,0.67719,0.68519,0.69315,0.70109,0.70896,0.71677,0.72456,0.73228,0.73994,0.74758,0.75515,0.76266,0.77015,0.77755,0.78491,0.79224,0.79947,0.80668,0.81385,0.82093,0.82799,0.83498,0.84192,0.84886,0.8557,0.86253,0.86934
95.6,0,0.0096797,0.019358,0.029034,0.038707,0.048377,0.058043,0.067705,0.077363,0.087016,0.096664,0.10631,0.11594,0.12557,0.1352,0.14481,0.15442,0.16402,0.1736,0.18317,0.19273,0.20228,0.21182,0.22136,0.23088,0.24038,0.24988,0.25937,0.26884,0.27829,0.28771,0.29712,0.30651,0.31589,0.32526,0.33461,0.34394,0.35325,0.36252,0.37177,0.38101,0.39023,0.39943,0.40861,0.41775,0.42685,0.43593,0.44499,0.45404,0.46307,0.47202,0.48095,0.48987,0.49876,0.50763,0.51643,0.5252,0.53395,0.54268,0.55136,0.55997,0.56857,0.57715,0.58568,0.59414,0.60258,0.61099,0.61936,0.62765,0.63592,0.64418,0.65234,0.66046,0.66857,0.67662,0.6846,0.69255,0.70047,0.7083,0.7161,0.72387,0.73155,0.7392,0.74682,0.75434,0.76183,0.76929,0.77665,0.784,0.79128,0.79849,0.80568,0.81279,0.81985,0.82688,0.83383,0.84076,0.84762,0.85445,0.86127,0.86801
95.5,0,0.0096779,0.019354,0.029028,0.038699,0.048368,0.058032,0.067692,0.077348,0.086999,0.096645,0.10629,0.11592,0.12555,0.13517,0.14478,0.15439,0.16398,0.17356,0.18313,0.19268,0.20223,0.21177,0.2213,0.23082,0.24032,0.24982,0.2593,0.26877,0.2782,0.28762,0.29703,0.30642,0.3158,0.32516,0.33451,0.34384,0.35313,0.36239,0.37164,0.38087,0.39009,0.39928,0.40846,0.41758,0.42667,0.43575,0.44481,0.45385,0.46285,0.4718,0.48073,0.48964,0.49853,0.50737,0.51616,0.52492,0.53366,0.54239,0.55103,0.55964,0.56823,0.5768,0.5853,0.59375,0.60218,0.61059,0.61891,0.6272,0.63546,0.64368,0.65182,0.65994,0.66804,0.67604,0.68401,0.69195,0.69982,0.70763,0.71543,0.72315,0.73081,0.73845,0.74601,0.75352,0.76101,0.7684,0.77576,0.78308,0.7903,0.79751,0.80465,0.81172,0.81878,0.82574,0.83267,0.83957,0.84639,0.8532,0.85995,0.86668
95.4,0,0.009676,0.01935,0.029023,0.038692,0.048358,0.058021,0.067679,0.077333,0.086982,0.096626,0.10626,0.1159,0.12552,0.13514,0.14476,0.15435,0.16394,0.17351,0.18308,0.19264,0.20218,0.21172,0.22125,0.23076,0.24027,0.24976,0.25924,0.26869,0.27812,0.28754,0.29694,0.30633,0.3157,0.32506,0.33441,0.34373,0.35301,0.36227,0.37151,0.38074,0.38995,0.39914,0.40829,0.41741,0.4265,0.43557,0.44463,0.45367,0.46264,0.47158,0.4805,0.48941,0.49829,0.5071,0.51588,0.52464,0.53338,0.54208,0.5507,0.55931,0.5679,0.57645,0.58491,0.59336,0.60178,0.61016,0.61846,0.62674,0.635,0.64317,0.65131,0.65942,0.66747,0.67545,0.68342,0.69134,0.69917,0.70697,0.71475,0.72242,0.73008,0.73769,0.74521,0.75271,0.76015,0.76751,0.77486,0.78212,0.78933,0.79652,0.8036,0.81066,0.81767,0.8246,0.83152,0.83835,0.84515,0.85192,0.85863,0.86535
95.3,0,0.0096741,0.019347,0.029017,0.038684,0.048349,0.058009,0.067666,0.077318,0.086965,0.096607,0.10624,0.11587,0.1255,0.13512,0.14472,0.15431,0.1639,0.17347,0.18304,0.19259,0.20214,0.21167,0.22119,0.2307,0.24021,0.2497,0.25917,0.26861,0.27804,0.28745,0.29685,0.30624,0.31561,0.32497,0.33431,0.34361,0.35288,0.36214,0.37138,0.3806,0.38981,0.399,0.40813,0.41724,0.42632,0.43539,0.44445,0.45346,0.46242,0.47136,0.48028,0.48918,0.49804,0.50684,0.51561,0.52436,0.5331,0.54176,0.55038,0.55898,0.56756,0.57607,0.58453,0.59297,0.60139,0.60972,0.61801,0.62629,0.63452,0.64267,0.65079,0.6589,0.6669,0.67487,0.68283,0.69069,0.69851,0.70631,0.71403,0.7217,0.72934,0.73689,0.7444,0.75189,0.75927,0.76663,0.77394,0.78116,0.78836,0.79548,0.80255,0.8096,0.81653,0.82346,0.83032,0.83712,0.84392,0.85062,0.85732,0.86398
95.2,0,0.0096723,0.019343,0.029011,0.038677,0.048339,0.057998,0.067653,0.077303,0.086949,0.096589,0.10622,0.11585,0.12547,0.13509,0.14469,0.15428,0.16386,0.17343,0.18299,0.19254,0.20209,0.21162,0.22114,0.23065,0.24015,0.24963,0.25909,0.26853,0.27796,0.28737,0.29676,0.30615,0.31551,0.32487,0.3342,0.34349,0.35276,0.36201,0.37125,0.38047,0.38967,0.39884,0.40796,0.41707,0.42615,0.43522,0.44426,0.45325,0.46221,0.47114,0.48005,0.48895,0.49778,0.50657,0.51534,0.52409,0.5328,0.54144,0.55005,0.55865,0.56721,0.57569,0.58415,0.59258,0.60097,0.60928,0.61757,0.62583,0.63402,0.64216,0.65028,0.65834,0.66633,0.67429,0.68222,0.69005,0.69786,0.70563,0.71331,0.72097,0.72858,0.7361,0.7436,0.75103,0.75839,0.76574,0.77299,0.78019,0.78737,0.79444,0.8015,0.80848,0.8154,0.8223,0.82911,0.8359,0.84262,0.84931,0.85598,0.86259
95.1,0,0.0096704,0.019339,0.029006,0.03867,0.04833,0.057987,0.06764,0.077288,0.086932,0.09657,0.1062,0.11583,0.12545,0.13505,0.14465,0.15424,0.16382,0.17339,0.18295,0.1925,0.20204,0.21157,0.22108,0.23059,0.24009,0.24957,0.25902,0.26845,0.27787,0.28728,0.29668,0.30606,0.31542,0.32477,0.33408,0.34337,0.35263,0.36188,0.37112,0.38034,0.38954,0.39868,0.4078,0.4169,0.42598,0.43504,0.44407,0.45304,0.46199,0.47092,0.47983,0.48871,0.49752,0.5063,0.51506,0.52381,0.53249,0.54112,0.54973,0.55832,0.56684,0.57531,0.58376,0.59219,0.60053,0.60884,0.61712,0.62536,0.63352,0.64165,0.64976,0.65777,0.66575,0.67371,0.68158,0.68941,0.69721,0.70493,0.71259,0.72024,0.72779,0.7353,0.74279,0.75016,0.75752,0.76482,0.77203,0.77923,0.78634,0.7934,0.80043,0.80736,0.81427,0.8211,0.82789,0.83465,0.84133,0.848,0.8546,0.8612
95,0,0.0096685,0.019335,0.029,0.038662,0.048321,0.057976,0.067627,0.077273,0.086915,0.096551,0.10618,0.11581,0.12542,0.13502,0.14462,0.1542,0.16378,0.17334,0.1829,0.19245,0.20199,0.21151,0.22103,0.23053,0.24003,0.24949,0.25894,0.26837,0.27779,0.2872,0.29659,0.30596,0.31533,0.32467,0.33397,0.34325,0.35251,0.36176,0.37099,0.3802,0.38938,0.39852,0.40763,0.41672,0.4258,0.43486,0.44387,0.45283,0.46178,0.4707,0.4796,0.48845,0.49725,0.50603,0.51479,0.52352,0.53217,0.5408,0.5494,0.55798,0.56647,0.57494,0.58338,0.59178,0.6001,0.6084,0.61667,0.62487,0.63302,0.64114,0.64921,0.65721,0.66518,0.67311,0.68095,0.68876,0.69654,0.70422,0.71188,0.71948,0.72701,0.73451,0.74193,0.7493,0.75664,0.76387,0.77108,0.77824,0.78531,0.79236,0.79932,0.80623,0.81311,0.8199,0.82668,0.83336,0.84003,0.84665,0.85322,0.8598
94.9,0,0.0096667,0.019332,0.028994,0.038655,0.048311,0.057965,0.067614,0.077258,0.086898,0.096532,0.10616,0.11578,0.12539,0.13499,0.14458,0.15416,0.16374,0.1733,0.18286,0.1924,0.20194,0.21146,0.22098,0.23048,0.23996,0.24942,0.25886,0.26829,0.27771,0.28711,0.2965,0.30587,0.31523,0.32456,0.33385,0.34313,0.35239,0.36163,0.37086,0.38007,0.38922,0.39835,0.40746,0.41655,0.42563,0.43468,0.44366,0.45262,0.46156,0.47048,0.47938,0.48819,0.49699,0.50577,0.51452,0.52321,0.53186,0.54048,0.54908,0.55762,0.5661,0.57456,0.583,0.59135,0.59967,0.60796,0.61621,0.62437,0.63251,0.64063,0.64865,0.65664,0.6646,0.67248,0.68031,0.68812,0.69584,0.70351,0.71116,0.71871,0.72622,0.7337,0.74107,0.74843,0.75572,0.76293,0.77013,0.77722,0.78428,0.79128,0.79821,0.80511,0.81192,0.8187,0.82541,0.83208,0.83872,0.84528,0.85184,0.85834
94.8,0,0.0096648,0.019328,0.028989,0.038647,0.048302,0.057953,0.0676,0.077243,0.086881,0.096513,0.10614,0.11575,0.12536,0.13496,0.14455,0.15413,0.1637,0.17326,0.18281,0.19236,0.20189,0.21141,0.22092,0.23042,0.23989,0.24935,0.25879,0.26821,0.27763,0.28703,0.29641,0.30578,0.31514,0.32444,0.33373,0.34301,0.35226,0.3615,0.37073,0.37992,0.38907,0.39819,0.4073,0.41638,0.42545,0.43448,0.44345,0.45241,0.46134,0.47026,0.47912,0.48794,0.49673,0.5055,0.51425,0.52291,0.53154,0.54016,0.54875,0.55725,0.56573,0.57418,0.5826,0.59093,0.59923,0.60752,0.61572,0.62388,0.63201,0.64009,0.64809,0.65607,0.66401,0.67185,0.67968,0.68745,0.69514,0.7028,0.7104,0.71793,0.72543,0.73285,0.74022,0.74756,0.75478,0.76199,0.76913,0.7762,0.78325,0.79018,0.7971,0.80394,0.81072,0.81748,0.82414,0.83079,0.83736,0.84391,0.85042,0.85689
94.7,0,0.0096629,0.019324,0.028983,0.03864,0.048293,0.057942,0.067587,0.077228,0.086864,0.096493,0.10611,0.11572,0.12533,0.13492,0.14451,0.15409,0.16366,0.17322,0.18277,0.19231,0.20184,0.21136,0.22087,0.23036,0.23982,0.24927,0.25871,0.26814,0.27755,0.28694,0.29632,0.30569,0.31503,0.32433,0.33362,0.34289,0.35214,0.36138,0.3706,0.37977,0.38891,0.39803,0.40713,0.41621,0.42528,0.43427,0.44325,0.4522,0.46113,0.47004,0.47887,0.48768,0.49647,0.50523,0.51394,0.5226,0.53123,0.53984,0.5484,0.55689,0.56536,0.5738,0.58218,0.5905,0.5988,0.60707,0.61524,0.62339,0.63151,0.63954,0.64754,0.65551,0.66339,0.67123,0.67904,0.68676,0.69444,0.70209,0.70964,0.71715,0.72463,0.732,0.73936,0.74664,0.75385,0.76105,0.76812,0.77518,0.78216,0.78908,0.79597,0.80276,0.80953,0.81621,0.82286,0.82946,0.836,0.84253,0.84897,0.85543
94.6,0,0.0096611,0.01932,0.028978,0.038632,0.048283,0.057931,0.067574,0.077213,0.086846,0.09647,0.10609,0.1157,0.1253,0.13489,0.14448,0.15405,0.16362,0.17318,0.18272,0.19226,0.20179,0.21131,0.22081,0.23029,0.23975,0.2492,0.25863,0.26806,0.27746,0.28686,0.29624,0.3056,0.31492,0.32422,0.3335,0.34277,0.35202,0.36125,0.37046,0.37961,0.38875,0.39787,0.40696,0.41604,0.42508,0.43407,0.44304,0.45199,0.46091,0.4698,0.47862,0.48742,0.4962,0.50496,0.51364,0.52229,0.53091,0.53952,0.54804,0.55652,0.56499,0.57342,0.58176,0.59007,0.59837,0.60659,0.61475,0.62289,0.63098,0.63899,0.64698,0.65492,0.66277,0.6706,0.67838,0.68607,0.69374,0.70134,0.70887,0.71638,0.72379,0.73116,0.73849,0.74571,0.75292,0.76005,0.76711,0.77415,0.78107,0.78798,0.7948,0.80158,0.8083,0.81495,0.82158,0.82811,0.83464,0.84109,0.84753,0.85393
94.5,0,0.0096592,0.019317,0.028972,0.038625,0.048274,0.05792,0.067561,0.077198,0.086825,0.096446,0.10606,0.11567,0.12527,0.13486,0.14444,0.15401,0.16358,0.17313,0.18268,0.19221,0.20174,0.21125,0.22075,0.23022,0.23968,0.24913,0.25856,0.26798,0.27738,0.28677,0.29615,0.30549,0.31481,0.3241,0.33338,0.34265,0.35189,0.36112,0.37031,0.37946,0.38859,0.3977,0.4068,0.41587,0.42489,0.43387,0.44283,0.45177,0.4607,0.46955,0.47837,0.48716,0.49594,0.50467,0.51334,0.52198,0.5306,0.53918,0.54768,0.55616,0.56462,0.57301,0.58134,0.58965,0.59793,0.60611,0.61427,0.6224,0.63044,0.63844,0.64642,0.65431,0.66215,0.66997,0.6777,0.68538,0.69304,0.70058,0.7081,0.71557,0.72295,0.73031,0.73758,0.74479,0.75197,0.75905,0.7661,0.77307,0.77998,0.78685,0.79363,0.8004,0.80705,0.81369,0.82025,0.82677,0.83324,0.83966,0.84607,0.85242
94.4,0,0.0096573,0.019313,0.028966,0.038617,0.048265,0.057908,0.067547,0.077179,0.086804,0.096423,0.10603,0.11564,0.12524,0.13482,0.14441,0.15398,0.16354,0.17309,0.18263,0.19217,0.20169,0.2112,0.22069,0.23015,0.23961,0.24905,0.25848,0.2679,0.2773,0.28669,0.29606,0.30539,0.3147,0.32399,0.33327,0.34253,0.35177,0.36099,0.37016,0.37931,0.38843,0.39754,0.40663,0.41569,0.42469,0.43367,0.44263,0.45156,0.46047,0.4693,0.47812,0.48691,0.49568,0.50437,0.51303,0.52167,0.53029,0.53882,0.54732,0.55579,0.56424,0.57259,0.58092,0.58922,0.59746,0.60563,0.61378,0.62188,0.6299,0.63789,0.64584,0.6537,0.66153,0.66932,0.67701,0.68469,0.69229,0.69982,0.70733,0.71474,0.72211,0.72944,0.73666,0.74387,0.75098,0.75805,0.76506,0.77199,0.7789,0.78569,0.79246,0.79916,0.8058,0.81239,0.81891,0.82541,0.83182,0.83823,0.84456,0.8509
94.3,0,0.0096555,0.019309,0.028961,0.03861,0.048255,0.057896,0.067531,0.07716,0.086783,0.0964,0.10601,0.11561,0.12521,0.13479,0.14437,0.15394,0.1635,0.17305,0.18259,0.19212,0.20164,0.21114,0.22062,0.23009,0.23954,0.24898,0.25841,0.26782,0.27722,0.2866,0.29596,0.30528,0.31459,0.32388,0.33315,0.3424,0.35164,0.36085,0.37001,0.37915,0.38827,0.39738,0.40647,0.4155,0.42449,0.43347,0.44242,0.45135,0.46022,0.46905,0.47786,0.48665,0.4954,0.50408,0.51273,0.52136,0.52996,0.53847,0.54696,0.55543,0.56384,0.57218,0.5805,0.58879,0.59698,0.60515,0.61329,0.62134,0.62935,0.63734,0.64524,0.65309,0.66091,0.66864,0.67633,0.684,0.69154,0.69906,0.70653,0.71391,0.72127,0.72853,0.73575,0.74292,0.74999,0.75705,0.764,0.77091,0.77776,0.78453,0.79127,0.79791,0.80454,0.81106,0.81757,0.824,0.8304,0.83675,0.84306,0.84935
94.2,0,0.0096536,0.019306,0.028955,0.038602,0.048245,0.057882,0.067515,0.077141,0.086762,0.096376,0.10598,0.11558,0.12518,0.13476,0.14433,0.1539,0.16346,0.17301,0.18255,0.19207,0.20159,0.21108,0.22056,0.23002,0.23947,0.24891,0.25833,0.26774,0.27713,0.28652,0.29585,0.30517,0.31448,0.32376,0.33303,0.34228,0.35152,0.3607,0.36986,0.379,0.38812,0.39722,0.40629,0.4153,0.42429,0.43326,0.44221,0.45113,0.45998,0.46881,0.47761,0.48639,0.49511,0.50378,0.51243,0.52105,0.52961,0.53812,0.5466,0.55506,0.56343,0.57177,0.58008,0.58833,0.59651,0.60467,0.61278,0.62081,0.62881,0.63677,0.64464,0.65248,0.66027,0.66797,0.67565,0.68325,0.69079,0.69831,0.70571,0.71308,0.7204,0.72763,0.73484,0.74194,0.74901,0.75601,0.76293,0.76982,0.77661,0.78337,0.79004,0.79667,0.80323,0.80974,0.8162,0.82259,0.82896,0.83525,0.84155,0.84777
94.1,0,0.0096517,0.019302,0.02895,0.038593,0.048233,0.057868,0.067498,0.077123,0.086741,0.096353,0.10596,0.11556,0.12514,0.13473,0.1443,0.15386,0.16342,0.17297,0.1825,0.19203,0.20153,0.21102,0.22049,0.22995,0.2394,0.24883,0.25825,0.26766,0.27705,0.28642,0.29575,0.30507,0.31437,0.32365,0.33292,0.34216,0.35138,0.36055,0.36971,0.37884,0.38796,0.39706,0.4061,0.41511,0.4241,0.43306,0.44201,0.4509,0.45974,0.46856,0.47736,0.48613,0.49482,0.50348,0.51213,0.52074,0.52926,0.53777,0.54624,0.55467,0.56302,0.57135,0.57966,0.58786,0.59604,0.60419,0.61226,0.62027,0.62827,0.63618,0.64403,0.65187,0.6596,0.6673,0.67496,0.68251,0.69004,0.69751,0.70489,0.71225,0.71951,0.72673,0.73389,0.74096,0.74802,0.75495,0.76186,0.76869,0.77546,0.78217,0.78881,0.79541,0.80192,0.80841,0.8148,0.82118,0.82747,0.83375,0.83998,0.84618
94,0,0.0096498,0.019298,0.028942,0.038584,0.048221,0.057854,0.067482,0.077104,0.08672,0.096329,0.10593,0.11553,0.12511,0.13469,0.14426,0.15383,0.16338,0.17292,0.18246,0.19198,0.20147,0.21095,0.22043,0.22988,0.23933,0.24876,0.25818,0.26758,0.27697,0.28632,0.29565,0.30496,0.31426,0.32354,0.3328,0.34204,0.35124,0.36041,0.36956,0.37869,0.3878,0.39689,0.40591,0.41492,0.4239,0.43286,0.4418,0.45066,0.4595,0.46831,0.47711,0.48584,0.49452,0.50318,0.51182,0.5204,0.52892,0.53741,0.54588,0.55427,0.56261,0.57094,0.5792,0.5874,0.59556,0.60369,0.61173,0.61974,0.62771,0.63558,0.64343,0.65123,0.65894,0.66662,0.67423,0.68177,0.68929,0.6967,0.70407,0.71139,0.71862,0.72583,0.73292,0.73998,0.74697,0.75389,0.76077,0.76755,0.77431,0.78095,0.78757,0.7941,0.8006,0.80702,0.81339,0.81971,0.82598,0.83222,0.8384,0.84458
93.9,0,0.0096475,0.019293,0.028935,0.038575,0.04821,0.05784,0.067465,0.077085,0.086699,0.096306,0.10591,0.1155,0.12508,0.13466,0.14423,0.15379,0.16334,0.17288,0.18241,0.19192,0.20141,0.21089,0.22036,0.22982,0.23926,0.24868,0.2581,0.2675,0.27688,0.28622,0.29554,0.30485,0.31415,0.32342,0.33268,0.34191,0.3511,0.36026,0.36941,0.37853,0.38764,0.39671,0.40573,0.41472,0.4237,0.43266,0.44157,0.45042,0.45925,0.46806,0.47685,0.48555,0.49423,0.50289,0.51152,0.52006,0.52857,0.53706,0.5455,0.55387,0.56221,0.57052,0.57874,0.58693,0.59509,0.60317,0.6112,0.6192,0.62712,0.63499,0.64283,0.65057,0.65827,0.66594,0.6735,0.68103,0.6885,0.69589,0.70325,0.7105,0.71772,0.72488,0.73195,0.73899,0.74592,0.75283,0.75964,0.76641,0.7731,0.77973,0.7863,0.7928,0.79926,0.80563,0.81198,0.81824,0.82449,0.83066,0.83683,0.84293
93.8,0,0.0096451,0.019288,0.028928,0.038565,0.048198,0.057826,0.067449,0.077066,0.086678,0.096283,0.10588,0.11547,0.12505,0.13463,0.14419,0.15375,0.1633,0.17284,0.18236,0.19186,0.20135,0.21083,0.2203,0.22975,0.23919,0.24861,0.25802,0.26742,0.27678,0.28612,0.29544,0.30475,0.31404,0.32331,0.33256,0.34177,0.35095,0.36011,0.36926,0.37838,0.38748,0.39652,0.40554,0.41453,0.4235,0.43245,0.44133,0.45018,0.45901,0.46782,0.47657,0.48527,0.49394,0.50259,0.51119,0.51972,0.52822,0.53671,0.54511,0.55347,0.5618,0.57008,0.57829,0.58646,0.59461,0.60265,0.61067,0.61866,0.62653,0.63439,0.6422,0.64991,0.6576,0.66522,0.67276,0.68029,0.6877,0.69507,0.70239,0.70962,0.71683,0.72392,0.73098,0.73795,0.74487,0.75173,0.75851,0.76525,0.77189,0.77851,0.785,0.79149,0.79788,0.80424,0.81051,0.81676,0.82294,0.82909,0.8352,0.84128
93.7,0,0.0096428,0.019283,0.028921,0.038556,0.048186,0.057812,0.067433,0.077048,0.086657,0.096259,0.10585,0.11544,0.12502,0.1346,0.14416,0.15371,0.16326,0.1728,0.18231,0.19181,0.20129,0.21077,0.22023,0.22968,0.23912,0.24854,0.25795,0.26733,0.27668,0.28602,0.29534,0.30464,0.31393,0.3232,0.33244,0.34163,0.35081,0.35997,0.36911,0.37823,0.38731,0.39634,0.40535,0.41434,0.4233,0.43223,0.4411,0.44995,0.45877,0.46757,0.47629,0.48498,0.49365,0.50229,0.51085,0.51937,0.52788,0.53634,0.54471,0.55307,0.56139,0.56963,0.57783,0.586,0.59409,0.60213,0.61014,0.61807,0.62595,0.6338,0.64155,0.64925,0.65693,0.66449,0.67203,0.6795,0.68689,0.69426,0.70151,0.70874,0.71588,0.72296,0.72999,0.73692,0.74383,0.75062,0.75738,0.76405,0.77067,0.77722,0.78371,0.79013,0.79649,0.8028,0.80904,0.81525,0.82138,0.8275,0.83355,0.83961
93.6,0,0.0096404,0.019279,0.028914,0.038546,0.048174,0.057798,0.067416,0.077029,0.086636,0.096236,0.10583,0.11541,0.12499,0.13456,0.14412,0.15368,0.16322,0.17274,0.18225,0.19175,0.20123,0.21071,0.22017,0.22961,0.23904,0.24846,0.25787,0.26724,0.27659,0.28592,0.29523,0.30453,0.31382,0.32308,0.3323,0.3415,0.35067,0.35982,0.36896,0.37807,0.38713,0.39615,0.40516,0.41414,0.42311,0.43201,0.44087,0.44971,0.45853,0.4673,0.47601,0.48469,0.49336,0.50197,0.51051,0.51903,0.52753,0.53595,0.54432,0.55266,0.56097,0.56918,0.57737,0.58553,0.59358,0.60161,0.60961,0.61749,0.62536,0.63318,0.6409,0.6486,0.65622,0.66377,0.6713,0.67871,0.68609,0.6934,0.70064,0.70784,0.71493,0.722,0.72896,0.73588,0.74272,0.7495,0.75622,0.76285,0.76944,0.77593,0.7824,0.78876,0.79511,0.80135,0.80758,0.8137,0.81983,0.82587,0.83191,0.83789
93.5,0,0.0096381,0.019274,0.028907,0.038537,0.048163,0.057784,0.0674,0.07701,0.086615,0.096212,0.1058,0.11539,0.12496,0.13453,0.14409,0.15364,0.16318,0.17269,0.1822,0.19169,0.20117,0.21064,0.2201,0.22954,0.23897,0.24839,0.25778,0.26714,0.27649,0.28582,0.29513,0.30443,0.31371,0.32296,0.33217,0.34136,0.35053,0.35967,0.36881,0.3779,0.38695,0.39597,0.40497,0.41395,0.4229,0.43178,0.44064,0.44947,0.45828,0.46703,0.47573,0.48441,0.49306,0.50164,0.51018,0.51869,0.52717,0.53556,0.54392,0.55226,0.56052,0.56873,0.57691,0.58502,0.59307,0.60109,0.60903,0.61691,0.62477,0.63253,0.64025,0.64793,0.6555,0.66304,0.67052,0.67791,0.68529,0.69254,0.69976,0.7069,0.71398,0.721,0.72793,0.73483,0.74161,0.74838,0.75503,0.76165,0.76817,0.77465,0.78104,0.78739,0.79366,0.79989,0.80604,0.81216,0.81821,0.82423,0.83021,0.83617
93.4,0,0.0096357,0.019269,0.0289,0.038528,0.048151,0.05777,0.067383,0.076992,0.086594,0.096189,0.10578,0.11536,0.12493,0.1345,0.14405,0.1536,0.16313,0.17264,0.18215,0.19164,0.20112,0.21058,0.22004,0.22948,0.2389,0.24832,0.25769,0.26705,0.27639,0.28572,0.29503,0.30432,0.3136,0.32283,0.33203,0.34122,0.35038,0.35953,0.36865,0.37773,0.38677,0.39578,0.40478,0.41376,0.42267,0.43155,0.4404,0.44923,0.45803,0.46675,0.47545,0.48412,0.49276,0.50131,0.50984,0.51835,0.52679,0.53517,0.54353,0.55185,0.56007,0.56827,0.57645,0.58451,0.59255,0.60056,0.60846,0.61633,0.62416,0.63189,0.6396,0.64723,0.65478,0.66232,0.66973,0.67712,0.68443,0.69167,0.69887,0.70596,0.71303,0.71998,0.7269,0.73373,0.7405,0.74721,0.75383,0.7604,0.76689,0.77333,0.77968,0.78599,0.79221,0.7984,0.80451,0.81059,0.81659,0.82258,0.8285,0.83442
93.3,0,0.0096334,0.019265,0.028893,0.038518,0.048139,0.057756,0.067367,0.076973,0.086572,0.096166,0.10575,0.11533,0.1249,0.13446,0.14402,0.15356,0.16308,0.17259,0.18209,0.19158,0.20106,0.21052,0.21997,0.22941,0.23883,0.24823,0.2576,0.26696,0.2763,0.28562,0.29492,0.30421,0.31348,0.3227,0.3319,0.34108,0.35024,0.35938,0.3685,0.37755,0.38659,0.3956,0.40459,0.41356,0.42245,0.43132,0.44017,0.449,0.45776,0.46647,0.47516,0.48383,0.49243,0.50098,0.50951,0.51801,0.52641,0.53478,0.54313,0.55141,0.55963,0.56782,0.57595,0.58401,0.59204,0.6,0.60789,0.61575,0.62353,0.63125,0.63894,0.64652,0.65407,0.66155,0.66895,0.67632,0.68357,0.6908,0.69794,0.70502,0.71203,0.71896,0.72585,0.73263,0.73939,0.74602,0.75264,0.75914,0.76561,0.77198,0.77832,0.78455,0.79076,0.79687,0.80297,0.80897,0.81497,0.82087,0.82679,0.83263
93.2,0,0.009631,0.01926,0.028886,0.038509,0.048128,0.057742,0.067351,0.076954,0.086551,0.096142,0.10573,0.1153,0.12487,0.13443,0.14398,0.15351,0.16303,0.17254,0.18204,0.19152,0.201,0.21046,0.21991,0.22934,0.23876,0.24815,0.25751,0.26686,0.2762,0.28552,0.29482,0.30411,0.31336,0.32257,0.33176,0.34094,0.3501,0.35924,0.36833,0.37738,0.38641,0.39542,0.4044,0.41334,0.42223,0.43109,0.43994,0.44875,0.45749,0.4662,0.47488,0.48354,0.49211,0.50065,0.50917,0.51763,0.52603,0.5344,0.54273,0.55097,0.55918,0.56737,0.57545,0.5835,0.59152,0.59943,0.60731,0.61516,0.62289,0.63061,0.63824,0.64581,0.65335,0.66077,0.66816,0.67547,0.68272,0.68991,0.69701,0.70408,0.71102,0.71794,0.72476,0.73153,0.73822,0.74484,0.75139,0.75787,0.76428,0.77062,0.7769,0.78311,0.78926,0.79535,0.80137,0.80736,0.81328,0.81917,0.82501,0.83084
93.1,0,0.0096287,0.019255,0.028879,0.038499,0.048116,0.057728,0.067334,0.076935,0.08653,0.096119,0.1057,0.11527,0.12484,0.1344,0.14394,0.15347,0.16298,0.17249,0.18198,0.19147,0.20094,0.2104,0.21984,0.22927,0.23868,0.24806,0.25742,0.26677,0.2761,0.28542,0.29472,0.304,0.31323,0.32244,0.33163,0.3408,0.34995,0.35909,0.36815,0.3772,0.38623,0.39523,0.40421,0.41312,0.42201,0.43087,0.4397,0.44849,0.45722,0.46592,0.4746,0.48322,0.49178,0.50032,0.50884,0.51726,0.52564,0.53401,0.5423,0.55053,0.55874,0.56688,0.57495,0.58299,0.59097,0.59887,0.60674,0.61453,0.62226,0.62996,0.63754,0.6451,0.65258,0.65999,0.66737,0.67463,0.68186,0.68899,0.69607,0.70308,0.71001,0.71689,0.72367,0.73041,0.73704,0.74365,0.75013,0.75659,0.76294,0.76926,0.77547,0.78166,0.78774,0.7938,0.79977,0.80571,0.81158,0.81743,0.82323,0.82901
93,0,0.0096264,0.019251,0.028872,0.03849,0.048104,0.057714,0.067318,0.076917,0.086509,0.096095,0.10567,0.11525,0.12481,0.13436,0.1439,0.15342,0.16294,0.17244,0.18193,0.19141,0.20088,0.21033,0.21978,0.2292,0.2386,0.24797,0.25733,0.26668,0.27601,0.28532,0.29461,0.30388,0.3131,0.32231,0.33149,0.34066,0.34981,0.35892,0.36798,0.37702,0.38605,0.39505,0.404,0.4129,0.42178,0.43064,0.43947,0.44822,0.45694,0.46564,0.47432,0.4829,0.49146,0.49999,0.50848,0.51688,0.52526,0.53362,0.54187,0.55009,0.55829,0.56639,0.57445,0.58248,0.59041,0.5983,0.60615,0.6139,0.62162,0.62927,0.63684,0.64439,0.65182,0.65922,0.66653,0.67378,0.68097,0.68807,0.69514,0.70208,0.709,0.71581,0.72258,0.72925,0.73587,0.7424,0.74888,0.75526,0.7616,0.76784,0.77404,0.78015,0.78622,0.7922,0.79816,0.80402,0.80989,0.81566,0.82143,0.82714
92.9,0,0.009624,0.019246,0.028865,0.038481,0.048092,0.057699,0.067301,0.076898,0.086488,0.096072,0.10565,0.11522,0.12478,0.13432,0.14385,0.15338,0.16289,0.17239,0.18188,0.19135,0.20082,0.21027,0.21971,0.22913,0.23851,0.24789,0.25724,0.26658,0.27591,0.28522,0.29451,0.30375,0.31297,0.32218,0.33136,0.34052,0.34967,0.35875,0.36781,0.37685,0.38587,0.39486,0.40379,0.41269,0.42156,0.43041,0.43921,0.44796,0.45667,0.46537,0.47401,0.48259,0.49114,0.49966,0.5081,0.5165,0.52488,0.53319,0.54144,0.54965,0.55782,0.56589,0.57395,0.58194,0.58985,0.59774,0.60553,0.61327,0.62099,0.62858,0.63614,0.64363,0.65105,0.65843,0.66569,0.67293,0.68006,0.68714,0.69415,0.70108,0.70795,0.71473,0.72146,0.72809,0.73467,0.74115,0.74759,0.75393,0.76022,0.76642,0.77257,0.77864,0.78465,0.7906,0.79649,0.80234,0.80812,0.81388,0.81958,0.82528
92.8,0,0.0096217,0.019241,0.028858,0.038471,0.048081,0.057685,0.067285,0.076879,0.086467,0.096049,0.10562,0.11519,0.12474,0.13428,0.14381,0.15333,0.16284,0.17234,0.18182,0.1913,0.20076,0.21021,0.21964,0.22905,0.23843,0.2478,0.25715,0.26649,0.27581,0.28512,0.29439,0.30363,0.31285,0.32205,0.33122,0.34039,0.34951,0.35858,0.36764,0.37667,0.38569,0.39466,0.40358,0.41247,0.42134,0.43018,0.43895,0.44769,0.4564,0.46509,0.4737,0.48227,0.49081,0.49932,0.50773,0.51613,0.5245,0.53277,0.541,0.54921,0.55733,0.5654,0.57345,0.58139,0.58929,0.59716,0.60492,0.61265,0.6203,0.62789,0.63544,0.64287,0.65028,0.6576,0.66485,0.67204,0.67914,0.68621,0.69316,0.70008,0.70688,0.71365,0.7203,0.72692,0.73343,0.7399,0.74626,0.75259,0.75881,0.765,0.77107,0.77712,0.78306,0.78898,0.79481,0.80061,0.80635,0.81205,0.81772,0.82335
92.7,0,0.0096193,0.019237,0.028851,0.038462,0.048069,0.057671,0.067269,0.07686,0.086446,0.096025,0.1056,0.11515,0.1247,0.13424,0.14377,0.15329,0.16279,0.17229,0.18177,0.19124,0.2007,0.21015,0.21957,0.22897,0.23835,0.24771,0.25706,0.2664,0.27572,0.28502,0.29427,0.30351,0.31272,0.32191,0.33109,0.34025,0.34935,0.35842,0.36747,0.3765,0.38551,0.39445,0.40336,0.41225,0.42111,0.42994,0.43869,0.44742,0.45613,0.46479,0.47338,0.48195,0.49049,0.49895,0.50736,0.51575,0.52409,0.53234,0.54057,0.54875,0.55684,0.56491,0.57292,0.58084,0.58873,0.59655,0.6043,0.61202,0.61962,0.62719,0.63469,0.64211,0.6495,0.65676,0.66401,0.67114,0.67823,0.68523,0.69216,0.69902,0.7058,0.71252,0.71915,0.72571,0.73219,0.73861,0.74494,0.7512,0.7574,0.76351,0.76957,0.77554,0.78147,0.78731,0.79313,0.79885,0.80456,0.8102,0.81583,0.82141
92.6,0,0.009617,0.019232,0.028844,0.038453,0.048057,0.057657,0.067252,0.076842,0.086425,0.096002,0.10557,0.11512,0.12466,0.1342,0.14373,0.15324,0.16274,0.17224,0.18172,0.19118,0.20064,0.21008,0.21949,0.22888,0.23826,0.24763,0.25697,0.2663,0.27562,0.28491,0.29415,0.30338,0.31259,0.32178,0.33095,0.34009,0.34918,0.35825,0.3673,0.37632,0.38531,0.39424,0.40315,0.41203,0.42089,0.42968,0.43843,0.44716,0.45586,0.46449,0.47307,0.48163,0.49015,0.49859,0.50699,0.51538,0.52367,0.53191,0.54014,0.54827,0.55636,0.56441,0.57237,0.58029,0.58817,0.59594,0.60368,0.61134,0.61894,0.6265,0.63394,0.64135,0.64867,0.65593,0.66313,0.67023,0.6773,0.68424,0.69117,0.69796,0.70473,0.71137,0.71799,0.72448,0.73095,0.73729,0.7436,0.7498,0.75596,0.76202,0.76803,0.77396,0.77982,0.78564,0.79138,0.79709,0.80272,0.80835,0.8139,0.81945
92.5,0,0.0096146,0.019227,0.028837,0.038443,0.048045,0.057643,0.067236,0.076823,0.086404,0.095974,0.10553,0.11509,0.12463,0.13416,0.14368,0.15319,0.1627,0.17218,0.18166,0.19113,0.20058,0.21001,0.21941,0.2288,0.23818,0.24754,0.25688,0.26621,0.27552,0.28479,0.29403,0.30326,0.31246,0.32165,0.33082,0.33994,0.34902,0.35808,0.36712,0.37615,0.38511,0.39403,0.40293,0.41181,0.42066,0.42943,0.43817,0.44689,0.45558,0.46418,0.47276,0.48131,0.4898,0.49822,0.50662,0.51498,0.52325,0.53149,0.53969,0.54779,0.55587,0.5639,0.57183,0.57974,0.58756,0.59532,0.60306,0.61067,0.61825,0.62576,0.63319,0.64058,0.64785,0.6551,0.66223,0.66933,0.67632,0.68326,0.69011,0.6969,0.7036,0.71023,0.71678,0.72326,0.72965,0.73598,0.74221,0.7484,0.75448,0.76053,0.76645,0.77236,0.77816,0.78393,0.78963,0.79527,0.80088,0.80642,0.81197,0.81744
92.4,0,0.0096123,0.019222,0.02883,0.038434,0.048034,0.057629,0.067219,0.076804,0.086379,0.095945,0.1055,0.11505,0.12459,0.13412,0.14364,0.15315,0.16265,0.17213,0.18161,0.19107,0.20052,0.20993,0.21934,0.22872,0.2381,0.24745,0.25679,0.26612,0.27541,0.28467,0.29391,0.30313,0.31234,0.32152,0.33068,0.33978,0.34886,0.35792,0.36695,0.37596,0.38491,0.39383,0.40272,0.41159,0.42041,0.42917,0.43791,0.44663,0.45528,0.46387,0.47245,0.48099,0.48944,0.49786,0.50625,0.51457,0.52283,0.53106,0.53922,0.54731,0.55538,0.56336,0.57128,0.57918,0.58696,0.59471,0.60239,0.60999,0.61757,0.62501,0.63243,0.63976,0.64703,0.65423,0.66134,0.6684,0.67535,0.68227,0.68906,0.69582,0.70246,0.70907,0.71556,0.72201,0.72834,0.73463,0.74082,0.74694,0.75299,0.75896,0.76488,0.7707,0.7765,0.78218,0.78785,0.79344,0.79899,0.8045,0.80996,0.81543
92.3,0,0.0096099,0.019218,0.028823,0.038424,0.048022,0.057615,0.067203,0.076782,0.086353,0.095917,0.10547,0.11502,0.12455,0.13408,0.1436,0.1531,0.1626,0.17208,0.18155,0.19101,0.20045,0.20986,0.21926,0.22864,0.23801,0.24737,0.2567,0.26603,0.2753,0.28456,0.29379,0.30301,0.31221,0.32139,0.33052,0.33962,0.34869,0.35775,0.36678,0.37577,0.3847,0.39362,0.40251,0.41137,0.42016,0.42892,0.43765,0.44636,0.45497,0.46357,0.47213,0.48064,0.48908,0.49749,0.50587,0.51415,0.52241,0.53063,0.53874,0.54683,0.55488,0.56282,0.57074,0.57859,0.58635,0.5941,0.60172,0.60932,0.61683,0.62427,0.63167,0.63895,0.6462,0.65334,0.66044,0.66743,0.67437,0.68122,0.68801,0.6947,0.70133,0.70786,0.71434,0.72071,0.72704,0.73324,0.73942,0.74547,0.75149,0.7574,0.76326,0.76905,0.77476,0.78044,0.78602,0.79159,0.79707,0.80253,0.80796,0.81335
92.2,0,0.0096076,0.019213,0.028816,0.038415,0.04801,0.057601,0.067184,0.076759,0.086328,0.095888,0.10544,0.11498,0.12452,0.13404,0.14356,0.15306,0.16255,0.17203,0.1815,0.19095,0.20038,0.20979,0.21918,0.22856,0.23793,0.24728,0.25661,0.26592,0.27519,0.28444,0.29367,0.30289,0.31208,0.32125,0.33037,0.33946,0.34853,0.35758,0.36661,0.37557,0.3845,0.39341,0.40229,0.41113,0.41991,0.42866,0.43739,0.44606,0.45467,0.46326,0.47182,0.48029,0.48872,0.49713,0.50546,0.51374,0.52199,0.53016,0.53827,0.54635,0.55435,0.56229,0.5702,0.57799,0.58575,0.59345,0.60105,0.60864,0.6161,0.62352,0.63086,0.63813,0.64533,0.65245,0.65951,0.66647,0.67338,0.68018,0.68693,0.69357,0.70017,0.70665,0.71308,0.71941,0.72567,0.73186,0.73796,0.744,0.74993,0.75583,0.76161,0.76736,0.77303,0.77863,0.78419,0.78968,0.79514,0.80053,0.80592,0.81126
92.1,0,0.0096052,0.019208,0.028809,0.038406,0.047998,0.057584,0.067164,0.076737,0.086302,0.09586,0.10541,0.11495,0.12448,0.134,0.14351,0.15301,0.1625,0.17198,0.18145,0.19088,0.20031,0.20971,0.21911,0.22848,0.23785,0.24719,0.25652,0.26581,0.27508,0.28433,0.29355,0.30276,0.31195,0.3211,0.33021,0.3393,0.34837,0.35741,0.36642,0.37537,0.38429,0.3932,0.40208,0.41088,0.41966,0.4284,0.43713,0.44576,0.45437,0.46295,0.47148,0.47993,0.48836,0.49676,0.50506,0.51332,0.52157,0.5297,0.5378,0.54586,0.55382,0.56175,0.56961,0.57739,0.58515,0.59278,0.60039,0.60791,0.61536,0.62276,0.63005,0.63732,0.64445,0.65156,0.65855,0.6655,0.67234,0.67913,0.68581,0.69244,0.69896,0.70544,0.71179,0.71811,0.7243,0.73045,0.73649,0.74247,0.74838,0.75419,0.75997,0.76563,0.77126,0.77681,0.78231,0.78777,0.79315,0.79853,0.80383,0.80914
92,0,0.0096029,0.019204,0.028802,0.038395,0.047984,0.057567,0.067144,0.076714,0.086276,0.095831,0.10538,0.11492,0.12444,0.13396,0.14347,0.15297,0.16245,0.17193,0.18138,0.19082,0.20024,0.20964,0.21903,0.2284,0.23776,0.24711,0.25642,0.2657,0.27497,0.28421,0.29343,0.30264,0.31182,0.32095,0.33006,0.33914,0.3482,0.35725,0.36622,0.37517,0.38409,0.39299,0.40184,0.41064,0.4194,0.42815,0.43684,0.44547,0.45407,0.46264,0.47113,0.47958,0.488,0.49636,0.50465,0.51291,0.52111,0.52923,0.53733,0.54534,0.55329,0.56121,0.56902,0.57679,0.5845,0.59212,0.59972,0.60719,0.61462,0.62197,0.62925,0.63645,0.64357,0.65064,0.6576,0.66451,0.67131,0.67805,0.6847,0.69128,0.69776,0.70417,0.7105,0.71674,0.72292,0.72899,0.73502,0.74092,0.74678,0.75255,0.75825,0.7639,0.76945,0.77497,0.78041,0.7858,0.79115,0.79645,0.80174,0.80697
91.9,0,0.0096005,0.019199,0.028793,0.038384,0.04797,0.05755,0.067124,0.076691,0.086251,0.095803,0.10535,0.11488,0.12441,0.13392,0.14343,0.15292,0.16241,0.17188,0.18132,0.19075,0.20017,0.20957,0.21895,0.22832,0.23768,0.24702,0.25632,0.26559,0.27485,0.28409,0.29331,0.30252,0.31168,0.3208,0.3299,0.33898,0.34804,0.35706,0.36603,0.37497,0.38389,0.39278,0.4016,0.41039,0.41915,0.42789,0.43655,0.44517,0.45377,0.46232,0.47079,0.47923,0.48765,0.49596,0.50424,0.5125,0.52065,0.52876,0.53685,0.54482,0.55276,0.56064,0.56843,0.5762,0.58385,0.59146,0.599,0.60646,0.61387,0.62117,0.62844,0.63558,0.64269,0.64969,0.65664,0.66348,0.67027,0.67694,0.68358,0.69008,0.69656,0.70289,0.70919,0.71538,0.7215,0.72753,0.73348,0.73938,0.74515,0.75089,0.75653,0.76211,0.76764,0.77307,0.77848,0.78381,0.7891,0.79437,0.79957,0.80479
91.8,0,0.0095978,0.019193,0.028785,0.038373,0.047955,0.057533,0.067104,0.076668,0.086225,0.095774,0.10532,0.11485,0.12437,0.13388,0.14339,0.15288,0.16236,0.17181,0.18126,0.19068,0.20009,0.20949,0.21888,0.22824,0.2376,0.24692,0.25621,0.26549,0.27474,0.28398,0.29319,0.30239,0.31153,0.32065,0.32975,0.33882,0.34788,0.35687,0.36583,0.37477,0.38368,0.39256,0.40136,0.41015,0.4189,0.42762,0.43626,0.44487,0.45346,0.46198,0.47044,0.47888,0.48726,0.49556,0.50383,0.51205,0.52019,0.5283,0.53633,0.54429,0.55223,0.56006,0.56784,0.57557,0.5832,0.5908,0.59828,0.60573,0.61308,0.62037,0.62758,0.63471,0.64177,0.64874,0.65565,0.66245,0.66919,0.67584,0.68241,0.68889,0.69529,0.70161,0.70783,0.71401,0.72005,0.72605,0.73194,0.73776,0.74352,0.74918,0.75479,0.7603,0.76576,0.77118,0.7765,0.7818,0.78703,0.79223,0.79741,0.80254
91.7,0,0.0095949,0.019187,0.028776,0.038361,0.047941,0.057515,0.067084,0.076645,0.0862,0.095746,0.10528,0.11481,0.12433,0.13384,0.14334,0.15283,0.1623,0.17175,0.18119,0.19062,0.20002,0.20942,0.2188,0.22816,0.23751,0.24682,0.25611,0.26538,0.27463,0.28386,0.29307,0.30225,0.31138,0.3205,0.32959,0.33866,0.3477,0.35668,0.36564,0.37457,0.38348,0.39232,0.40112,0.4099,0.41865,0.42733,0.43597,0.44458,0.45315,0.46164,0.47009,0.47853,0.48686,0.49516,0.50343,0.5116,0.51973,0.52783,0.53582,0.54377,0.55167,0.55947,0.56725,0.57492,0.58254,0.5901,0.59756,0.60498,0.61229,0.61957,0.62672,0.63384,0.64083,0.64779,0.65463,0.66142,0.66809,0.67473,0.68122,0.68768,0.69402,0.70029,0.70647,0.71257,0.7186,0.72451,0.73038,0.73614,0.74183,0.74746,0.75299,0.75848,0.76387,0.76921,0.77452,0.77973,0.78493,0.79007,0.79518,0.80029
91.6,0,0.009592,0.019182,0.028768,0.03835,0.047927,0.057498,0.067064,0.076622,0.086174,0.095717,0.10525,0.11478,0.1243,0.1338,0.1433,0.15278,0.16225,0.17169,0.18113,0.19055,0.19995,0.20935,0.21872,0.22808,0.23742,0.24672,0.256,0.26527,0.27452,0.28374,0.29295,0.30211,0.31124,0.32035,0.32944,0.3385,0.34752,0.35649,0.36544,0.37437,0.38326,0.39209,0.40088,0.40966,0.41839,0.42705,0.43568,0.44428,0.45282,0.4613,0.46975,0.47815,0.48647,0.49476,0.503,0.51115,0.51927,0.52732,0.5353,0.54325,0.55109,0.55889,0.56663,0.57427,0.58189,0.58938,0.59684,0.6042,0.6115,0.61872,0.62585,0.63292,0.63989,0.6468,0.65361,0.66034,0.66699,0.67355,0.68004,0.68642,0.69274,0.69894,0.70509,0.71113,0.7171,0.72298,0.72877,0.73451,0.74013,0.74569,0.75119,0.75659,0.76196,0.76724,0.77246,0.77766,0.78277,0.78787,0.79294,0.79797
91.5,0,0.0095892,0.019176,0.028759,0.038338,0.047912,0.057481,0.067044,0.0766,0.086148,0.095689,0.10522,0.11474,0.12426,0.13376,0.14326,0.15273,0.16219,0.17163,0.18106,0.19048,0.19988,0.20927,0.21865,0.228,0.23732,0.24662,0.2559,0.26516,0.2744,0.28363,0.29282,0.30197,0.31109,0.3202,0.32928,0.33834,0.34733,0.3563,0.36525,0.37417,0.38303,0.39185,0.40064,0.40941,0.41811,0.42676,0.43539,0.44398,0.45248,0.46096,0.4694,0.47776,0.48607,0.49436,0.50255,0.51069,0.51881,0.52682,0.53478,0.5427,0.55052,0.55831,0.56599,0.57363,0.58119,0.58867,0.59611,0.60342,0.61071,0.61786,0.62499,0.63199,0.63895,0.64579,0.65259,0.65925,0.66588,0.67237,0.67882,0.68515,0.69141,0.69759,0.70366,0.70968,0.71557,0.72141,0.72715,0.73281,0.73841,0.7439,0.74933,0.75471,0.75998,0.76523,0.7704,0.77552,0.78061,0.78563,0.79064,0.79563
91.4,0,0.0095863,0.01917,0.02875,0.038327,0.047898,0.057464,0.067024,0.076577,0.086123,0.09566,0.10519,0.11471,0.12422,0.13372,0.14321,0.15268,0.16213,0.17157,0.181,0.19041,0.19981,0.2092,0.21857,0.22791,0.23722,0.24652,0.25579,0.26505,0.27429,0.28351,0.29268,0.30182,0.31095,0.32005,0.32913,0.33816,0.34715,0.35611,0.36505,0.37397,0.3828,0.39162,0.4004,0.40916,0.41783,0.42648,0.4351,0.44366,0.45215,0.46062,0.46904,0.47737,0.48568,0.49394,0.5021,0.51024,0.51832,0.52631,0.53427,0.54213,0.54994,0.5577,0.56535,0.57298,0.58049,0.58796,0.59533,0.60264,0.60986,0.61701,0.62408,0.63106,0.63796,0.64478,0.65151,0.65816,0.66471,0.6712,0.67756,0.68389,0.69007,0.6962,0.70223,0.70817,0.71405,0.7198,0.7255,0.73111,0.73662,0.74209,0.74745,0.75275,0.75801,0.76317,0.76829,0.77337,0.77837,0.78337,0.78831,0.79324
91.3,0,0.0095834,0.019164,0.028742,0.038315,0.047884,0.057447,0.067004,0.076554,0.086097,0.095632,0.10516,0.11468,0.12419,0.13368,0.14316,0.15262,0.16207,0.17151,0.18094,0.19035,0.19974,0.20912,0.21849,0.22782,0.23713,0.24642,0.25569,0.26494,0.27418,0.28338,0.29254,0.30168,0.3108,0.3199,0.32897,0.33798,0.34696,0.35592,0.36486,0.37374,0.38257,0.39138,0.40016,0.40889,0.41755,0.42619,0.43481,0.44333,0.45181,0.46027,0.46866,0.47698,0.48528,0.4935,0.50166,0.50979,0.51781,0.5258,0.53373,0.54156,0.54937,0.55707,0.56472,0.5723,0.57978,0.58723,0.59456,0.60185,0.60902,0.61615,0.62315,0.63012,0.63696,0.64376,0.65042,0.65705,0.66354,0.66997,0.67631,0.68255,0.68873,0.69478,0.70077,0.70665,0.71245,0.71819,0.7238,0.72936,0.73484,0.74022,0.74555,0.75079,0.75596,0.7611,0.76615,0.77115,0.77614,0.78105,0.78595,0.79083
91.2,0,0.0095805,0.019159,0.028733,0.038304,0.047869,0.05743,0.066984,0.076531,0.086071,0.095604,0.10513,0.11464,0.12415,0.13363,0.14311,0.15257,0.16202,0.17145,0.18087,0.19028,0.19967,0.20905,0.2184,0.22772,0.23703,0.24632,0.25558,0.26483,0.27407,0.28325,0.2924,0.30154,0.31065,0.31975,0.32879,0.3378,0.34677,0.35573,0.36466,0.37352,0.38234,0.39115,0.39992,0.40861,0.41727,0.42591,0.43449,0.443,0.45148,0.45993,0.46828,0.47659,0.48488,0.49306,0.50121,0.50931,0.51731,0.52529,0.53317,0.541,0.54877,0.55644,0.56408,0.5716,0.57908,0.58646,0.59378,0.60102,0.60817,0.61525,0.62223,0.62914,0.63596,0.64269,0.64934,0.65589,0.66237,0.66873,0.67503,0.68122,0.68732,0.69335,0.69926,0.70511,0.71085,0.71651,0.72211,0.72758,0.733,0.73834,0.74359,0.74878,0.75391,0.75896,0.76397,0.76892,0.77382,0.77871,0.78354,0.78836
91.1,0,0.0095777,0.019153,0.028725,0.038292,0.047855,0.057413,0.066964,0.076508,0.086046,0.095575,0.1051,0.11461,0.1241,0.13359,0.14306,0.15251,0.16196,0.17139,0.18081,0.19021,0.1996,0.20897,0.21831,0.22763,0.23693,0.24621,0.25548,0.26473,0.27394,0.28311,0.29227,0.3014,0.31051,0.3196,0.32862,0.33761,0.34659,0.35554,0.36444,0.37329,0.38211,0.39091,0.39966,0.40834,0.41699,0.42562,0.43417,0.44267,0.45114,0.45955,0.46789,0.47621,0.48445,0.49262,0.50076,0.50881,0.51681,0.52477,0.53261,0.54043,0.54815,0.55581,0.5634,0.5709,0.57836,0.5857,0.59301,0.60018,0.60732,0.61433,0.62131,0.62814,0.63494,0.64161,0.64823,0.65473,0.66115,0.66748,0.67371,0.67988,0.68591,0.69188,0.69775,0.70352,0.70923,0.71483,0.72034,0.72579,0.73113,0.7364,0.74162,0.74673,0.7518,0.75682,0.76174,0.76664,0.7715,0.7763,0.78109,0.78586
91,0,0.0095748,0.019147,0.028716,0.038281,0.047841,0.057395,0.066944,0.076486,0.08602,0.095547,0.10506,0.11457,0.12406,0.13354,0.14301,0.15246,0.1619,0.17133,0.18075,0.19015,0.19953,0.20889,0.21822,0.22754,0.23683,0.24611,0.25537,0.26462,0.27381,0.28298,0.29213,0.30125,0.31036,0.31942,0.32844,0.33743,0.3464,0.35535,0.36422,0.37307,0.38188,0.39067,0.39939,0.40806,0.41671,0.42532,0.43384,0.44234,0.45081,0.45917,0.46751,0.47582,0.48401,0.49218,0.5003,0.50832,0.51631,0.52421,0.53205,0.53985,0.54752,0.55518,0.56271,0.5702,0.5776,0.58493,0.59218,0.59934,0.60642,0.61341,0.62032,0.62715,0.63388,0.64053,0.64707,0.65356,0.65991,0.6662,0.67238,0.67847,0.68449,0.69038,0.6962,0.70193,0.70755,0.71311,0.71857,0.72393,0.72924,0.73445,0.73958,0.74466,0.74966,0.75459,0.75949,0.76432,0.76911,0.77388,0.77859,0.7833
90.9,0,0.0095719,0.019141,0.028707,0.038269,0.047827,0.057378,0.066924,0.076463,0.085994,0.095518,0.10503,0.11453,0.12402,0.13349,0.14296,0.15241,0.16185,0.17127,0.18068,0.19008,0.19946,0.2088,0.21813,0.22744,0.23674,0.24601,0.25527,0.26449,0.27368,0.28285,0.29199,0.30111,0.31021,0.31925,0.32826,0.33725,0.34622,0.35514,0.364,0.37284,0.38165,0.39042,0.39912,0.40779,0.41643,0.425,0.43352,0.44201,0.45044,0.4588,0.46713,0.47539,0.48358,0.49174,0.49981,0.50782,0.5158,0.52366,0.53149,0.53923,0.5469,0.55452,0.56202,0.5695,0.57684,0.58416,0.59134,0.5985,0.60551,0.6125,0.61934,0.62614,0.63281,0.63942,0.64592,0.65233,0.65867,0.66488,0.67103,0.67706,0.683,0.68888,0.69461,0.70028,0.70587,0.71134,0.71675,0.72207,0.72729,0.73245,0.73754,0.74253,0.74748,0.75237,0.75718,0.76196,0.7667,0.77138,0.77606,0.78071
90.8,0,0.009569,0.019136,0.028699,0.038258,0.047812,0.057361,0.066904,0.07644,0.085969,0.095488,0.10499,0.11449,0.12397,0.13344,0.1429,0.15235,0.16179,0.17121,0.18062,0.19001,0.19937,0.20872,0.21804,0.22735,0.23664,0.24591,0.25516,0.26437,0.27355,0.28271,0.29185,0.30097,0.31005,0.31908,0.32809,0.33707,0.34603,0.35493,0.36378,0.37262,0.38142,0.39016,0.39885,0.40751,0.41614,0.42468,0.4332,0.44168,0.45007,0.45842,0.46675,0.47497,0.48315,0.49129,0.49932,0.50733,0.51525,0.5231,0.53092,0.53861,0.54628,0.55383,0.56133,0.56875,0.57608,0.58334,0.59051,0.5976,0.6046,0.61152,0.61835,0.62508,0.63174,0.63827,0.64476,0.6511,0.65738,0.66356,0.66963,0.67563,0.68151,0.6873,0.69303,0.69861,0.70413,0.70957,0.71489,0.72015,0.72534,0.73041,0.73543,0.74039,0.74525,0.75007,0.75485,0.75955,0.76422,0.76887,0.77347,0.77806
90.7,0,0.0095662,0.01913,0.02869,0.038246,0.047798,0.057344,0.066884,0.076417,0.085942,0.095454,0.10496,0.11445,0.12393,0.1334,0.14285,0.1523,0.16173,0.17115,0.18055,0.18994,0.19929,0.20863,0.21795,0.22725,0.23654,0.24581,0.25505,0.26424,0.27342,0.28258,0.29171,0.30083,0.30988,0.31891,0.32791,0.33689,0.34583,0.35471,0.36356,0.37239,0.38118,0.38989,0.39858,0.40724,0.41583,0.42437,0.43287,0.44133,0.4497,0.45805,0.46633,0.47454,0.48271,0.49081,0.49883,0.50683,0.51471,0.52255,0.53031,0.538,0.54563,0.55315,0.56064,0.568,0.57533,0.58252,0.58968,0.5967,0.60369,0.61054,0.61734,0.62402,0.63062,0.63713,0.64353,0.64987,0.65607,0.6622,0.66823,0.67415,0.68,0.68572,0.69136,0.69693,0.70237,0.70773,0.71302,0.7182,0.7233,0.72834,0.7333,0.73817,0.74299,0.74776,0.75244,0.7571,0.76173,0.76629,0.77085,0.77539
90.6,0,0.0095633,0.019124,0.028682,0.038235,0.047784,0.057327,0.066864,0.076393,0.085911,0.09542,0.10492,0.11441,0.12388,0.13335,0.1428,0.15225,0.16167,0.17109,0.18049,0.18986,0.19921,0.20854,0.21786,0.22716,0.23644,0.24571,0.25492,0.26412,0.27329,0.28244,0.29158,0.30067,0.30972,0.31874,0.32774,0.33671,0.34562,0.3545,0.36334,0.37217,0.38092,0.38963,0.39831,0.40696,0.41552,0.42405,0.43255,0.44096,0.44933,0.45767,0.46591,0.47411,0.48228,0.49033,0.49835,0.50629,0.51416,0.522,0.5297,0.53738,0.54495,0.55247,0.5599,0.56724,0.57451,0.58169,0.58879,0.5958,0.60272,0.60956,0.61629,0.62296,0.62949,0.63596,0.64231,0.64857,0.65476,0.66081,0.66679,0.67266,0.67843,0.68412,0.68969,0.69517,0.70058,0.70588,0.71108,0.71622,0.72127,0.72622,0.73111,0.73595,0.74068,0.74537,0.75003,0.75461,0.75915,0.76368,0.76817,0.77264
90.5,0,0.0095604,0.019118,0.028673,0.038224,0.047769,0.05731,0.066843,0.076366,0.08588,0.095386,0.10488,0.11437,0.12384,0.1333,0.14275,0.15219,0.16162,0.17103,0.18041,0.18978,0.19913,0.20846,0.21777,0.22707,0.23635,0.24559,0.2548,0.26399,0.27316,0.28231,0.29144,0.30051,0.30955,0.31857,0.32756,0.33652,0.34541,0.35428,0.36312,0.37193,0.38066,0.38937,0.39804,0.40666,0.41521,0.42373,0.43221,0.4406,0.44896,0.45727,0.46549,0.47368,0.4818,0.48984,0.49786,0.50575,0.51361,0.52139,0.52909,0.53674,0.54428,0.55178,0.55915,0.56649,0.5737,0.58087,0.5879,0.5949,0.60175,0.60855,0.61524,0.62184,0.62835,0.63475,0.64108,0.64727,0.65339,0.65941,0.66531,0.67113,0.67685,0.68246,0.68799,0.69342,0.69873,0.70398,0.70914,0.71418,0.71916,0.72408,0.72889,0.73364,0.73833,0.74297,0.74753,0.75206,0.75657,0.76101,0.76544,0.76987
90.4,0,0.0095576,0.019113,0.028664,0.038212,0.047755,0.057291,0.066819,0.076339,0.08585,0.095352,0.10484,0.11433,0.1238,0.13326,0.1427,0.15214,0.16156,0.17096,0.18034,0.1897,0.19904,0.20837,0.21768,0.22697,0.23625,0.24548,0.25468,0.26387,0.27303,0.28218,0.29129,0.30035,0.30938,0.31839,0.32738,0.33632,0.3452,0.35407,0.3629,0.37168,0.38041,0.3891,0.39777,0.40635,0.4149,0.42342,0.43185,0.44024,0.44859,0.45686,0.46507,0.47326,0.48133,0.48936,0.49733,0.50521,0.51306,0.52079,0.52848,0.53607,0.5436,0.55105,0.55841,0.56569,0.57288,0.57999,0.58701,0.59393,0.60078,0.60751,0.61419,0.62071,0.62718,0.63353,0.63978,0.64597,0.652,0.65796,0.66383,0.66957,0.67523,0.6808,0.68624,0.6916,0.69688,0.70204,0.70712,0.71213,0.71704,0.72186,0.72662,0.73133,0.73593,0.74049,0.74502,0.74948,0.7539,0.7583,0.76268,0.76702
90.3,0,0.0095547,0.019107,0.028656,0.038201,0.047739,0.05727,0.066795,0.076311,0.085819,0.095318,0.10481,0.11428,0.12375,0.13321,0.14265,0.15208,0.1615,0.17089,0.18026,0.18962,0.19896,0.20829,0.21759,0.22688,0.23614,0.24536,0.25456,0.26374,0.2729,0.28204,0.29113,0.30018,0.30921,0.31822,0.3272,0.33611,0.34499,0.35385,0.36268,0.37143,0.38015,0.38884,0.39748,0.40605,0.41459,0.42309,0.43149,0.43987,0.44821,0.45644,0.46465,0.47279,0.48085,0.48888,0.4968,0.50467,0.51248,0.52019,0.52786,0.53541,0.54293,0.55031,0.55766,0.56488,0.57206,0.57911,0.58611,0.59297,0.59978,0.60647,0.61307,0.61958,0.62597,0.63229,0.63849,0.64459,0.65061,0.65649,0.66229,0.668,0.67357,0.67907,0.68448,0.68976,0.69495,0.70007,0.70509,0.71001,0.71485,0.71963,0.72432,0.72893,0.73349,0.738,0.74243,0.74683,0.75121,0.75554,0.75984,0.76414
90.2,0,0.0095518,0.019101,0.028647,0.038187,0.047722,0.05725,0.066771,0.076284,0.085789,0.095284,0.10477,0.11424,0.12371,0.13316,0.1426,0.15203,0.16144,0.17082,0.18019,0.18954,0.19888,0.2082,0.2175,0.22678,0.23602,0.24524,0.25444,0.26362,0.27277,0.2819,0.29097,0.30002,0.30905,0.31805,0.327,0.33591,0.34478,0.35364,0.36244,0.37118,0.37989,0.38858,0.39718,0.40574,0.41427,0.42274,0.43114,0.43951,0.4478,0.45603,0.46423,0.47233,0.48038,0.48837,0.49627,0.50413,0.51188,0.51959,0.5272,0.53474,0.5422,0.54957,0.55687,0.56407,0.57119,0.57822,0.58515,0.59201,0.59874,0.60542,0.61195,0.61841,0.62477,0.63101,0.63717,0.64321,0.64915,0.65501,0.66073,0.66636,0.6719,0.67732,0.68264,0.68788,0.69302,0.69805,0.70299,0.70787,0.71264,0.71733,0.72195,0.72652,0.731,0.73542,0.73981,0.74416,0.74844,0.75271,0.75697,0.7612
90.1,0,0.0095487,0.019094,0.028636,0.038173,0.047705,0.057229,0.066747,0.076257,0.085758,0.09525,0.10473,0.1142,0.12366,0.13311,0.14255,0.15197,0.16137,0.17075,0.18011,0.18946,0.1988,0.20811,0.21741,0.22668,0.23591,0.24513,0.25432,0.26349,0.27264,0.28174,0.29081,0.29986,0.30888,0.31788,0.3268,0.3357,0.34458,0.35342,0.36219,0.37092,0.37963,0.38829,0.39688,0.40544,0.41396,0.42238,0.43078,0.43914,0.44739,0.45562,0.46378,0.47186,0.4799,0.48784,0.49573,0.50356,0.51129,0.51897,0.52654,0.53407,0.54147,0.54884,0.55607,0.56326,0.57032,0.57733,0.5842,0.59101,0.5977,0.6043,0.61083,0.61721,0.62352,0.62972,0.6358,0.64181,0.64768,0.65346,0.65914,0.66471,0.67017,0.67554,0.68081,0.68595,0.69102,0.696,0.70088,0.70566,0.71037,0.715,0.71956,0.72403,0.72845,0.73283,0.73714,0.7414,0.74564,0.74986,0.75403,0.7582
90,0,0.0095453,0.019088,0.028626,0.03816,0.047687,0.057209,0.066723,0.076229,0.085727,0.095216,0.10469,0.11416,0.12362,0.13307,0.1425,0.15191,0.1613,0.17068,0.18004,0.18939,0.19871,0.20803,0.21732,0.22657,0.2358,0.24501,0.2542,0.26337,0.2725,0.28159,0.29066,0.2997,0.30871,0.31768,0.3266,0.3355,0.34437,0.35318,0.36194,0.37067,0.37938,0.388,0.39658,0.40513,0.41361,0.42203,0.43042,0.43874,0.44699,0.4552,0.46332,0.47139,0.47941,0.48732,0.4952,0.50297,0.51069,0.51832,0.52588,0.53336,0.54074,0.54805,0.55527,0.5624,0.56944,0.57638,0.58324,0.58998,0.59666,0.60319,0.60965,0.61601,0.62224,0.6284,0.63443,0.64035,0.64619,0.65191,0.6575,0.66302,0.66843,0.67371,0.6789,0.684,0.689,0.69389,0.69869,0.70343,0.70806,0.71261,0.71709,0.72151,0.72587,0.73015,0.7344,0.73861,0.74278,0.74691,0.75104,0.75516
